,Unnamed: 0,index,threshold,file,channel,genotype
0,0,0,30,F:\Fmr1 SD Tanks\WT\BA190305A\Block-2,1,WT
1,1,7,20,F:\Fmr1 SD Tanks\WT\BA190305A\Block-2,2,WT
2,2,14,30,F:\Fmr1 SD Tanks\WT\BA190305A\Block-2,3,WT
3,3,21,20,F:\Fmr1 SD Tanks\WT\BA190305A\Block-2,4,WT
4,4,28,20,F:\Fmr1 SD Tanks\WT\BA190305A\Block-2,5,WT
5,5,35,30,F:\Fmr1 SD Tanks\WT\BA190305A\Block-2,6,WT
6,6,42,20,F:\Fmr1 SD Tanks\WT\BA190305A\Block-2,7,WT
7,7,49,30,F:\Fmr1 SD Tanks\WT\BA190305A\Block-2,8,WT
8,8,56,30,F:\Fmr1 SD Tanks\WT\BA190305A\Block-2,9,WT
9,9,63,30,F:\Fmr1 SD Tanks\WT\BA190305A\Block-2,10,WT
10,10,70,30,F:\Fmr1 SD Tanks\WT\BA190305A\Block-2,11,WT
11,11,77,30,F:\Fmr1 SD Tanks\WT\BA190305A\Block-2,12,WT
12,12,84,20,F:\Fmr1 SD Tanks\WT\BA190305A\Block-2,13,WT
13,13,91,40,F:\Fmr1 SD Tanks\WT\BA190305A\Block-2,14,WT
14,14,98,30,F:\Fmr1 SD Tanks\WT\BA190305A\Block-2,15,WT
15,15,105,40,F:\Fmr1 SD Tanks\WT\BA190305A\Block-2,16,WT
16,16,112,30,F:\Fmr1 SD Tanks\WT\BA190305C\Block-2,1,WT
17,17,119,30,F:\Fmr1 SD Tanks\WT\BA190305C\Block-2,2,WT
18,18,126,30,F:\Fmr1 SD Tanks\WT\BA190305C\Block-2,3,WT
19,19,133,40,F:\Fmr1 SD Tanks\WT\BA190305C\Block-2,4,WT
20,20,140,30,F:\Fmr1 SD Tanks\WT\BA190305C\Block-2,5,WT
21,21,147,30,F:\Fmr1 SD Tanks\WT\BA190305C\Block-2,6,WT
22,22,154,50,F:\Fmr1 SD Tanks\WT\BA190305C\Block-2,7,WT
23,23,182,20,F:\Fmr1 SD Tanks\WT\BA190305C\Block-2,11,WT
24,24,189,40,F:\Fmr1 SD Tanks\WT\BA190305C\Block-2,12,WT
25,25,196,30,F:\Fmr1 SD Tanks\WT\BA190305C\Block-2,13,WT
26,26,203,30,F:\Fmr1 SD Tanks\WT\BA190305C\Block-2,14,WT
27,27,210,30,F:\Fmr1 SD Tanks\WT\BA190305C\Block-2,15,WT
28,28,217,20,F:\Fmr1 SD Tanks\WT\BA190305C\Block-2,16,WT
29,29,224,30,F:\Fmr1 SD Tanks\WT\BA190305E\Block-2,1,WT
30,30,231,20,F:\Fmr1 SD Tanks\WT\BA190305E\Block-2,2,WT
31,31,245,30,F:\Fmr1 SD Tanks\WT\BA190305E\Block-2,4,WT
32,32,252,20,F:\Fmr1 SD Tanks\WT\BA190305E\Block-2,5,WT
33,33,266,20,F:\Fmr1 SD Tanks\WT\BA190305E\Block-2,7,WT
34,34,273,30,F:\Fmr1 SD Tanks\WT\BA190305E\Block-2,8,WT
35,35,280,20,F:\Fmr1 SD Tanks\WT\BA190305E\Block-2,9,WT
36,36,287,20,F:\Fmr1 SD Tanks\WT\BA190305E\Block-2,10,WT
37,37,301,20,F:\Fmr1 SD Tanks\WT\BA190305E\Block-2,12,WT
38,38,308,20,F:\Fmr1 SD Tanks\WT\BA190305E\Block-2,13,WT
39,39,315,60,F:\Fmr1 SD Tanks\WT\BA190305E\Block-2,14,WT
40,40,322,20,F:\Fmr1 SD Tanks\WT\BA190305E\Block-2,15,WT
41,41,329,20,F:\Fmr1 SD Tanks\WT\BA190305E\Block-2,16,WT
42,42,336,20,F:\Fmr1 SD Tanks\WT\BA190305F\Block-2,1,WT
43,43,343,10,F:\Fmr1 SD Tanks\WT\BA190305F\Block-2,2,WT
44,44,350,20,F:\Fmr1 SD Tanks\WT\BA190305F\Block-2,3,WT
45,45,357,10,F:\Fmr1 SD Tanks\WT\BA190305F\Block-2,4,WT
46,46,364,10,F:\Fmr1 SD Tanks\WT\BA190305F\Block-2,5,WT
47,47,371,30,F:\Fmr1 SD Tanks\WT\BA190305F\Block-2,6,WT
48,48,378,20,F:\Fmr1 SD Tanks\WT\BA190305F\Block-2,7,WT
49,49,385,60,F:\Fmr1 SD Tanks\WT\BA190305F\Block-2,8,WT
50,50,392,60,F:\Fmr1 SD Tanks\WT\BA190305F\Block-2,9,WT
51,51,399,40,F:\Fmr1 SD Tanks\WT\BA190305F\Block-2,10,WT
52,52,406,20,F:\Fmr1 SD Tanks\WT\BA190305F\Block-2,11,WT
53,53,413,10,F:\Fmr1 SD Tanks\WT\BA190305F\Block-2,12,WT
54,54,420,20,F:\Fmr1 SD Tanks\WT\BA190305F\Block-2,13,WT
55,55,427,20,F:\Fmr1 SD Tanks\WT\BA190305F\Block-2,14,WT
56,56,434,10,F:\Fmr1 SD Tanks\WT\BA190305F\Block-2,15,WT
57,57,441,10,F:\Fmr1 SD Tanks\WT\BA190305F\Block-2,16,WT
58,58,448,20,F:\Fmr1 SD Tanks\WT\BA190305G\Block-2,1,WT
59,59,455,20,F:\Fmr1 SD Tanks\WT\BA190305G\Block-2,2,WT
60,60,462,20,F:\Fmr1 SD Tanks\WT\BA190305G\Block-2,3,WT
61,61,469,20,F:\Fmr1 SD Tanks\WT\BA190305G\Block-2,4,WT
62,62,476,20,F:\Fmr1 SD Tanks\WT\BA190305G\Block-2,5,WT
63,63,483,30,F:\Fmr1 SD Tanks\WT\BA190305G\Block-2,6,WT
64,64,518,30,F:\Fmr1 SD Tanks\WT\BA190305G\Block-2,11,WT
65,65,525,20,F:\Fmr1 SD Tanks\WT\BA190305G\Block-2,12,WT
66,66,539,20,F:\Fmr1 SD Tanks\WT\BA190305G\Block-2,14,WT
67,67,546,20,F:\Fmr1 SD Tanks\WT\BA190305G\Block-2,15,WT
68,68,553,20,F:\Fmr1 SD Tanks\WT\BA190305G\Block-2,16,WT
69,69,560,30,F:\Fmr1 SD Tanks\WT\BA190305H\Block-2,1,WT
70,70,567,40,F:\Fmr1 SD Tanks\WT\BA190305H\Block-2,2,WT
71,71,574,40,F:\Fmr1 SD Tanks\WT\BA190305H\Block-2,3,WT
72,72,588,40,F:\Fmr1 SD Tanks\WT\BA190305H\Block-2,5,WT
73,73,595,30,F:\Fmr1 SD Tanks\WT\BA190305H\Block-2,6,WT
74,74,630,40,F:\Fmr1 SD Tanks\WT\BA190305H\Block-2,11,WT
75,75,651,30,F:\Fmr1 SD Tanks\WT\BA190305H\Block-2,14,WT
76,76,658,40,F:\Fmr1 SD Tanks\WT\BA190305H\Block-2,15,WT
77,77,665,30,F:\Fmr1 SD Tanks\WT\BA190305H\Block-2,16,WT
78,78,672,20,F:\Fmr1 SD Tanks\KO\BA190306A\Block-3,1,KO
79,79,679,10,F:\Fmr1 SD Tanks\KO\BA190306A\Block-3,2,KO
80,80,686,30,F:\Fmr1 SD Tanks\KO\BA190306A\Block-3,3,KO
81,81,693,10,F:\Fmr1 SD Tanks\KO\BA190306A\Block-3,4,KO
82,82,700,10,F:\Fmr1 SD Tanks\KO\BA190306A\Block-3,5,KO
83,83,707,60,F:\Fmr1 SD Tanks\KO\BA190306A\Block-3,6,KO
84,84,714,30,F:\Fmr1 SD Tanks\KO\BA190306A\Block-3,7,KO
85,85,735,60,F:\Fmr1 SD Tanks\KO\BA190306A\Block-3,10,KO
86,86,742,50,F:\Fmr1 SD Tanks\KO\BA190306A\Block-3,11,KO
87,87,749,10,F:\Fmr1 SD Tanks\KO\BA190306A\Block-3,12,KO
88,88,756,20,F:\Fmr1 SD Tanks\KO\BA190306A\Block-3,13,KO
89,89,763,20,F:\Fmr1 SD Tanks\KO\BA190306A\Block-3,14,KO
90,90,770,20,F:\Fmr1 SD Tanks\KO\BA190306A\Block-3,15,KO
91,91,777,20,F:\Fmr1 SD Tanks\KO\BA190306A\Block-3,16,KO
92,92,784,20,F:\Fmr1 SD Tanks\KO\BA190306C\Block-3,1,KO
93,93,791,20,F:\Fmr1 SD Tanks\KO\BA190306C\Block-3,2,KO
94,94,798,40,F:\Fmr1 SD Tanks\KO\BA190306C\Block-3,3,KO
95,95,805,30,F:\Fmr1 SD Tanks\KO\BA190306C\Block-3,4,KO
96,96,812,30,F:\Fmr1 SD Tanks\KO\BA190306C\Block-3,5,KO
97,97,819,60,F:\Fmr1 SD Tanks\KO\BA190306C\Block-3,6,KO
98,98,826,30,F:\Fmr1 SD Tanks\KO\BA190306C\Block-3,7,KO
99,99,847,60,F:\Fmr1 SD Tanks\KO\BA190306C\Block-3,10,KO
100,100,854,60,F:\Fmr1 SD Tanks\KO\BA190306C\Block-3,11,KO
101,101,861,20,F:\Fmr1 SD Tanks\KO\BA190306C\Block-3,12,KO
102,102,868,20,F:\Fmr1 SD Tanks\KO\BA190306C\Block-3,13,KO
103,103,875,30,F:\Fmr1 SD Tanks\KO\BA190306C\Block-3,14,KO
104,104,882,20,F:\Fmr1 SD Tanks\KO\BA190306C\Block-3,15,KO
105,105,889,30,F:\Fmr1 SD Tanks\KO\BA190306C\Block-3,16,KO
106,106,896,20,F:\Fmr1 SD Tanks\KO\BA190306E\Block-3,1,KO
107,107,903,20,F:\Fmr1 SD Tanks\KO\BA190306E\Block-3,2,KO
108,108,917,20,F:\Fmr1 SD Tanks\KO\BA190306E\Block-3,4,KO
109,109,924,20,F:\Fmr1 SD Tanks\KO\BA190306E\Block-3,5,KO
110,110,938,20,F:\Fmr1 SD Tanks\KO\BA190306E\Block-3,7,KO
111,111,973,20,F:\Fmr1 SD Tanks\KO\BA190306E\Block-3,12,KO
112,112,980,20,F:\Fmr1 SD Tanks\KO\BA190306E\Block-3,13,KO
113,113,987,40,F:\Fmr1 SD Tanks\KO\BA190306E\Block-3,14,KO
114,114,994,20,F:\Fmr1 SD Tanks\KO\BA190306E\Block-3,15,KO
115,115,1001,20,F:\Fmr1 SD Tanks\KO\BA190306E\Block-3,16,KO
116,116,1008,50,F:\Fmr1 SD Tanks\KO\BA190306G\Block-3,1,KO
117,117,1015,30,F:\Fmr1 SD Tanks\KO\BA190306G\Block-3,2,KO
118,118,1022,60,F:\Fmr1 SD Tanks\KO\BA190306G\Block-3,3,KO
119,119,1029,20,F:\Fmr1 SD Tanks\KO\BA190306G\Block-3,4,KO
120,120,1036,30,F:\Fmr1 SD Tanks\KO\BA190306G\Block-3,5,KO
121,121,1050,20,F:\Fmr1 SD Tanks\KO\BA190306G\Block-3,7,KO
122,122,1057,40,F:\Fmr1 SD Tanks\KO\BA190306G\Block-3,8,KO
123,123,1071,30,F:\Fmr1 SD Tanks\KO\BA190306G\Block-3,10,KO
124,124,1085,20,F:\Fmr1 SD Tanks\KO\BA190306G\Block-3,12,KO
125,125,1092,20,F:\Fmr1 SD Tanks\KO\BA190306G\Block-3,13,KO
126,126,1099,60,F:\Fmr1 SD Tanks\KO\BA190306G\Block-3,14,KO
127,127,1106,30,F:\Fmr1 SD Tanks\KO\BA190306G\Block-3,15,KO
128,128,1113,20,F:\Fmr1 SD Tanks\KO\BA190306G\Block-3,16,KO
129,129,1120,30,F:\Fmr1 SD Tanks\KO\BA190306I\Block-3,1,KO
130,130,1127,30,F:\Fmr1 SD Tanks\KO\BA190306I\Block-3,2,KO
131,131,1134,50,F:\Fmr1 SD Tanks\KO\BA190306I\Block-3,3,KO
132,132,1148,30,F:\Fmr1 SD Tanks\KO\BA190306I\Block-3,5,KO
133,133,1155,60,F:\Fmr1 SD Tanks\KO\BA190306I\Block-3,6,KO
134,134,1162,40,F:\Fmr1 SD Tanks\KO\BA190306I\Block-3,7,KO
135,135,1169,60,F:\Fmr1 SD Tanks\KO\BA190306I\Block-3,8,KO
136,136,1183,40,F:\Fmr1 SD Tanks\KO\BA190306I\Block-3,10,KO
137,137,1190,60,F:\Fmr1 SD Tanks\KO\BA190306I\Block-3,11,KO
138,138,1197,30,F:\Fmr1 SD Tanks\KO\BA190306I\Block-3,12,KO
139,139,1204,30,F:\Fmr1 SD Tanks\KO\BA190306I\Block-3,13,KO
140,140,1211,30,F:\Fmr1 SD Tanks\KO\BA190306I\Block-3,14,KO
141,141,1218,40,F:\Fmr1 SD Tanks\KO\BA190306I\Block-3,15,KO
142,142,1225,40,F:\Fmr1 SD Tanks\KO\BA190306I\Block-3,16,KO
143,143,1232,10,F:\Fmr1 SD Tanks\KO\BA190312A\Block-3,1,KO
144,144,1239,20,F:\Fmr1 SD Tanks\KO\BA190312A\Block-3,2,KO
145,145,1246,30,F:\Fmr1 SD Tanks\KO\BA190312A\Block-3,3,KO
146,146,1253,20,F:\Fmr1 SD Tanks\KO\BA190312A\Block-3,4,KO
147,147,1260,20,F:\Fmr1 SD Tanks\KO\BA190312A\Block-3,5,KO
148,148,1267,20,F:\Fmr1 SD Tanks\KO\BA190312A\Block-3,6,KO
149,149,1274,20,F:\Fmr1 SD Tanks\KO\BA190312A\Block-3,7,KO
150,150,1295,60,F:\Fmr1 SD Tanks\KO\BA190312A\Block-3,10,KO
151,151,1302,20,F:\Fmr1 SD Tanks\KO\BA190312A\Block-3,11,KO
152,152,1309,20,F:\Fmr1 SD Tanks\KO\BA190312A\Block-3,12,KO
153,153,1316,20,F:\Fmr1 SD Tanks\KO\BA190312A\Block-3,13,KO
154,154,1323,20,F:\Fmr1 SD Tanks\KO\BA190312A\Block-3,14,KO
155,155,1330,20,F:\Fmr1 SD Tanks\KO\BA190312A\Block-3,15,KO
156,156,1337,20,F:\Fmr1 SD Tanks\KO\BA190312A\Block-3,16,KO
157,157,1344,30,F:\Fmr1 SD Tanks\KO\BA190312C\Block-3,1,KO
158,158,1351,20,F:\Fmr1 SD Tanks\KO\BA190312C\Block-3,2,KO
159,159,1358,20,F:\Fmr1 SD Tanks\KO\BA190312C\Block-3,3,KO
160,160,1365,30,F:\Fmr1 SD Tanks\KO\BA190312C\Block-3,4,KO
161,161,1372,30,F:\Fmr1 SD Tanks\KO\BA190312C\Block-3,5,KO
162,162,1379,40,F:\Fmr1 SD Tanks\KO\BA190312C\Block-3,6,KO
163,163,1386,30,F:\Fmr1 SD Tanks\KO\BA190312C\Block-3,7,KO
164,164,1407,50,F:\Fmr1 SD Tanks\KO\BA190312C\Block-3,10,KO
165,165,1414,30,F:\Fmr1 SD Tanks\KO\BA190312C\Block-3,11,KO
166,166,1421,30,F:\Fmr1 SD Tanks\KO\BA190312C\Block-3,12,KO
167,167,1428,30,F:\Fmr1 SD Tanks\KO\BA190312C\Block-3,13,KO
168,168,1435,30,F:\Fmr1 SD Tanks\KO\BA190312C\Block-3,14,KO
169,169,1442,30,F:\Fmr1 SD Tanks\KO\BA190312C\Block-3,15,KO
170,170,1449,30,F:\Fmr1 SD Tanks\KO\BA190312C\Block-3,16,KO
171,171,1456,30,F:\Fmr1 SD Tanks\KO\BA190312E\Block-3,1,KO
172,172,1463,30,F:\Fmr1 SD Tanks\KO\BA190312E\Block-3,2,KO
173,173,1470,30,F:\Fmr1 SD Tanks\KO\BA190312E\Block-3,3,KO
174,174,1477,20,F:\Fmr1 SD Tanks\KO\BA190312E\Block-3,4,KO
175,175,1484,20,F:\Fmr1 SD Tanks\KO\BA190312E\Block-3,5,KO
176,176,1491,30,F:\Fmr1 SD Tanks\KO\BA190312E\Block-3,6,KO
177,177,1498,30,F:\Fmr1 SD Tanks\KO\BA190312E\Block-3,7,KO
178,178,1526,30,F:\Fmr1 SD Tanks\KO\BA190312E\Block-3,11,KO
179,179,1533,20,F:\Fmr1 SD Tanks\KO\BA190312E\Block-3,12,KO
180,180,1540,30,F:\Fmr1 SD Tanks\KO\BA190312E\Block-3,13,KO
181,181,1547,20,F:\Fmr1 SD Tanks\KO\BA190312E\Block-3,14,KO
182,182,1554,20,F:\Fmr1 SD Tanks\KO\BA190312E\Block-3,15,KO
183,183,1561,20,F:\Fmr1 SD Tanks\KO\BA190312E\Block-3,16,KO
184,184,1568,20,F:\Fmr1 SD Tanks\KO\BA190312G\Block-3,1,KO
185,185,1575,20,F:\Fmr1 SD Tanks\KO\BA190312G\Block-3,2,KO
186,186,1582,30,F:\Fmr1 SD Tanks\KO\BA190312G\Block-3,3,KO
187,187,1589,20,F:\Fmr1 SD Tanks\KO\BA190312G\Block-3,4,KO
188,188,1596,20,F:\Fmr1 SD Tanks\KO\BA190312G\Block-3,5,KO
189,189,1603,30,F:\Fmr1 SD Tanks\KO\BA190312G\Block-3,6,KO
190,190,1610,60,F:\Fmr1 SD Tanks\KO\BA190312G\Block-3,7,KO
191,191,1638,30,F:\Fmr1 SD Tanks\KO\BA190312G\Block-3,11,KO
192,192,1645,20,F:\Fmr1 SD Tanks\KO\BA190312G\Block-3,12,KO
193,193,1652,20,F:\Fmr1 SD Tanks\KO\BA190312G\Block-3,13,KO
194,194,1659,30,F:\Fmr1 SD Tanks\KO\BA190312G\Block-3,14,KO
195,195,1666,20,F:\Fmr1 SD Tanks\KO\BA190312G\Block-3,15,KO
196,196,1673,20,F:\Fmr1 SD Tanks\KO\BA190312G\Block-3,16,KO
197,197,1680,30,F:\Fmr1 SD Tanks\KO\BA190312I\Block-3,1,KO
198,198,1687,30,F:\Fmr1 SD Tanks\KO\BA190312I\Block-3,2,KO
199,199,1694,40,F:\Fmr1 SD Tanks\KO\BA190312I\Block-3,3,KO
200,200,1701,30,F:\Fmr1 SD Tanks\KO\BA190312I\Block-3,4,KO
201,201,1708,40,F:\Fmr1 SD Tanks\KO\BA190312I\Block-3,5,KO
202,202,1715,30,F:\Fmr1 SD Tanks\KO\BA190312I\Block-3,6,KO
203,203,1722,40,F:\Fmr1 SD Tanks\KO\BA190312I\Block-3,7,KO
204,204,1743,40,F:\Fmr1 SD Tanks\KO\BA190312I\Block-3,10,KO
205,205,1750,40,F:\Fmr1 SD Tanks\KO\BA190312I\Block-3,11,KO
206,206,1757,30,F:\Fmr1 SD Tanks\KO\BA190312I\Block-3,12,KO
207,207,1764,40,F:\Fmr1 SD Tanks\KO\BA190312I\Block-3,13,KO
208,208,1771,30,F:\Fmr1 SD Tanks\KO\BA190312I\Block-3,14,KO
209,209,1778,50,F:\Fmr1 SD Tanks\KO\BA190312I\Block-3,15,KO
210,210,1785,30,F:\Fmr1 SD Tanks\KO\BA190312I\Block-3,16,KO
211,211,1806,40,F:\Fmr1 SD Tanks\WT\BA190313A\Block-3,3,WT
212,212,1834,60,F:\Fmr1 SD Tanks\WT\BA190313A\Block-3,7,WT
213,213,1862,30,F:\Fmr1 SD Tanks\WT\BA190313A\Block-3,11,WT
214,214,1897,40,F:\Fmr1 SD Tanks\WT\BA190313A\Block-3,16,WT
215,215,1904,30,F:\Fmr1 SD Tanks\WT\BA190313E\Block-3,1,WT
216,216,1918,60,F:\Fmr1 SD Tanks\WT\BA190313E\Block-3,3,WT
217,217,1932,70,F:\Fmr1 SD Tanks\WT\BA190313E\Block-3,5,WT
218,218,1974,50,F:\Fmr1 SD Tanks\WT\BA190313E\Block-3,11,WT
219,219,2002,70,F:\Fmr1 SD Tanks\WT\BA190313E\Block-3,15,WT
220,220,2016,40,F:\Fmr1 SD Tanks\WT\BA190313G\Block-4,1,WT
221,221,2023,40,F:\Fmr1 SD Tanks\WT\BA190313G\Block-4,2,WT
222,222,2030,40,F:\Fmr1 SD Tanks\WT\BA190313G\Block-4,3,WT
223,223,2044,40,F:\Fmr1 SD Tanks\WT\BA190313G\Block-4,5,WT
224,224,2051,40,F:\Fmr1 SD Tanks\WT\BA190313G\Block-4,6,WT
225,225,2086,40,F:\Fmr1 SD Tanks\WT\BA190313G\Block-4,11,WT
226,226,2093,50,F:\Fmr1 SD Tanks\WT\BA190313G\Block-4,12,WT
227,227,2107,30,F:\Fmr1 SD Tanks\WT\BA190313G\Block-4,14,WT
228,228,2114,40,F:\Fmr1 SD Tanks\WT\BA190313G\Block-4,15,WT
229,229,2121,40,F:\Fmr1 SD Tanks\WT\BA190313G\Block-4,16,WT
236,236,112,40,F:\Fmr1 SD Tanks\WT\BA190313I\Block-3,1,WT
237,237,119,40,F:\Fmr1 SD Tanks\WT\BA190313I\Block-3,2,WT
238,238,126,50,F:\Fmr1 SD Tanks\WT\BA190313I\Block-3,3,WT
239,239,147,50,F:\Fmr1 SD Tanks\WT\BA190313I\Block-3,6,WT
240,240,182,30,F:\Fmr1 SD Tanks\WT\BA190313I\Block-3,11,WT
241,241,203,60,F:\Fmr1 SD Tanks\WT\BA190313I\Block-3,14,WT
242,242,210,50,F:\Fmr1 SD Tanks\WT\BA190313I\Block-3,15,WT
243,243,217,40,F:\Fmr1 SD Tanks\WT\BA190313I\Block-3,16,WT
244,244,224,40,F:\Fmr1 SD Tanks\WT\BA190313J\Block-3,1,WT
245,245,231,30,F:\Fmr1 SD Tanks\WT\BA190313J\Block-3,2,WT
246,246,238,40,F:\Fmr1 SD Tanks\WT\BA190313J\Block-3,3,WT
247,247,252,40,F:\Fmr1 SD Tanks\WT\BA190313J\Block-3,5,WT
248,248,259,40,F:\Fmr1 SD Tanks\WT\BA190313J\Block-3,6,WT
249,249,294,40,F:\Fmr1 SD Tanks\WT\BA190313J\Block-3,11,WT
250,250,301,40,F:\Fmr1 SD Tanks\WT\BA190313J\Block-3,12,WT
251,251,308,50,F:\Fmr1 SD Tanks\WT\BA190313J\Block-3,13,WT
252,252,315,30,F:\Fmr1 SD Tanks\WT\BA190313J\Block-3,14,WT
253,253,322,40,F:\Fmr1 SD Tanks\WT\BA190313J\Block-3,15,WT
254,254,329,40,F:\Fmr1 SD Tanks\WT\BA190313J\Block-3,16,WT
255,255,336,20,F:\Fmr1 SD Tanks\WT\BA190326A\Block-3,1,WT
256,256,343,20,F:\Fmr1 SD Tanks\WT\BA190326A\Block-3,2,WT
257,257,350,20,F:\Fmr1 SD Tanks\WT\BA190326A\Block-3,3,WT
258,258,364,30,F:\Fmr1 SD Tanks\WT\BA190326A\Block-3,5,WT
259,259,406,20,F:\Fmr1 SD Tanks\WT\BA190326A\Block-3,11,WT
260,260,413,30,F:\Fmr1 SD Tanks\WT\BA190326A\Block-3,12,WT
261,261,427,20,F:\Fmr1 SD Tanks\WT\BA190326A\Block-3,14,WT
262,262,434,30,F:\Fmr1 SD Tanks\WT\BA190326A\Block-3,15,WT
263,263,441,20,F:\Fmr1 SD Tanks\WT\BA190326A\Block-3,16,WT
264,264,448,30,F:\Fmr1 SD Tanks\WT\BA190326C\Block-3,1,WT
265,265,455,40,F:\Fmr1 SD Tanks\WT\BA190326C\Block-3,2,WT
266,266,462,30,F:\Fmr1 SD Tanks\WT\BA190326C\Block-3,3,WT
267,267,476,40,F:\Fmr1 SD Tanks\WT\BA190326C\Block-3,5,WT
268,268,483,40,F:\Fmr1 SD Tanks\WT\BA190326C\Block-3,6,WT
269,269,518,40,F:\Fmr1 SD Tanks\WT\BA190326C\Block-3,11,WT
270,270,539,30,F:\Fmr1 SD Tanks\WT\BA190326C\Block-3,14,WT
271,271,546,30,F:\Fmr1 SD Tanks\WT\BA190326C\Block-3,15,WT
272,272,553,30,F:\Fmr1 SD Tanks\WT\BA190326C\Block-3,16,WT
273,273,567,20,F:\Fmr1 SD Tanks\WT\BA190326E\Block-3,2,WT
274,274,581,20,F:\Fmr1 SD Tanks\WT\BA190326E\Block-3,4,WT
275,275,588,20,F:\Fmr1 SD Tanks\WT\BA190326E\Block-3,5,WT
276,276,637,20,F:\Fmr1 SD Tanks\WT\BA190326E\Block-3,12,WT
277,277,658,20,F:\Fmr1 SD Tanks\WT\BA190326E\Block-3,15,WT
278,278,665,20,F:\Fmr1 SD Tanks\WT\BA190326E\Block-3,16,WT
279,279,672,30,F:\Fmr1 SD Tanks\WT\BA190326G\Block-3,1,WT
280,280,686,20,F:\Fmr1 SD Tanks\WT\BA190326G\Block-3,3,WT
281,281,707,30,F:\Fmr1 SD Tanks\WT\BA190326G\Block-3,6,WT
282,282,742,20,F:\Fmr1 SD Tanks\WT\BA190326G\Block-3,11,WT
283,283,763,20,F:\Fmr1 SD Tanks\WT\BA190326G\Block-3,14,WT
284,284,784,30,F:\Fmr1 SD Tanks\WT\BA190326I\Block-3,1,WT
285,285,791,40,F:\Fmr1 SD Tanks\WT\BA190326I\Block-3,2,WT
286,286,798,30,F:\Fmr1 SD Tanks\WT\BA190326I\Block-3,3,WT
287,287,819,40,F:\Fmr1 SD Tanks\WT\BA190326I\Block-3,6,WT
288,288,826,60,F:\Fmr1 SD Tanks\WT\BA190326I\Block-3,7,WT
289,289,847,40,F:\Fmr1 SD Tanks\WT\BA190326I\Block-3,10,WT
290,290,854,30,F:\Fmr1 SD Tanks\WT\BA190326I\Block-3,11,WT
291,291,861,50,F:\Fmr1 SD Tanks\WT\BA190326I\Block-3,12,WT
292,292,868,50,F:\Fmr1 SD Tanks\WT\BA190326I\Block-3,13,WT
293,293,875,30,F:\Fmr1 SD Tanks\WT\BA190326I\Block-3,14,WT
294,294,882,50,F:\Fmr1 SD Tanks\WT\BA190326I\Block-3,15,WT
295,295,889,40,F:\Fmr1 SD Tanks\WT\BA190326I\Block-3,16,WT
296,296,896,30,F:\Fmr1 SD Tanks\KO\BA190328C\Block-3,1,KO
297,297,910,30,F:\Fmr1 SD Tanks\KO\BA190328C\Block-3,3,KO
298,298,924,60,F:\Fmr1 SD Tanks\KO\BA190328C\Block-3,5,KO
299,299,973,60,F:\Fmr1 SD Tanks\KO\BA190328C\Block-3,12,KO
300,300,987,30,F:\Fmr1 SD Tanks\KO\BA190328C\Block-3,14,KO
301,301,994,30,F:\Fmr1 SD Tanks\KO\BA190328C\Block-3,15,KO
302,302,1008,10,F:\Fmr1 SD Tanks\KO\BA190328E\Block-3,1,KO
303,303,1015,10,F:\Fmr1 SD Tanks\KO\BA190328E\Block-3,2,KO
304,304,1022,20,F:\Fmr1 SD Tanks\KO\BA190328E\Block-3,3,KO
305,305,1029,20,F:\Fmr1 SD Tanks\KO\BA190328E\Block-3,4,KO
306,306,1036,20,F:\Fmr1 SD Tanks\KO\BA190328E\Block-3,5,KO
307,307,1043,50,F:\Fmr1 SD Tanks\KO\BA190328E\Block-3,6,KO
308,308,1050,20,F:\Fmr1 SD Tanks\KO\BA190328E\Block-3,7,KO
309,309,1071,20,F:\Fmr1 SD Tanks\KO\BA190328E\Block-3,10,KO
310,310,1078,30,F:\Fmr1 SD Tanks\KO\BA190328E\Block-3,11,KO
311,311,1085,10,F:\Fmr1 SD Tanks\KO\BA190328E\Block-3,12,KO
312,312,1092,20,F:\Fmr1 SD Tanks\KO\BA190328E\Block-3,13,KO
313,313,1099,10,F:\Fmr1 SD Tanks\KO\BA190328E\Block-3,14,KO
314,314,1106,10,F:\Fmr1 SD Tanks\KO\BA190328E\Block-3,15,KO
315,315,1113,10,F:\Fmr1 SD Tanks\KO\BA190328E\Block-3,16,KO
378,378,228,20,F:\Fmr1 SD Tanks\WT\BA190305G\Block-2,13,WT
433,433,462,30,F:\Fmr1 SD Tanks\KO\BA190306G\Block-3,11,KO
442,442,489,30,F:\Fmr1 SD Tanks\KO\BA190306I\Block-3,4,KO
474,474,597,30,F:\Fmr1 SD Tanks\KO\BA190312C\Block-3,8,KO
489,489,645,40,F:\Fmr1 SD Tanks\KO\BA190312E\Block-3,8,KO
490,490,651,30,F:\Fmr1 SD Tanks\KO\BA190312E\Block-3,10,KO
517,517,741,40,F:\Fmr1 SD Tanks\KO\BA190312I\Block-3,8,KO
525,525,768,30,F:\Fmr1 SD Tanks\WT\BA190313A\Block-3,1,WT
526,526,771,30,F:\Fmr1 SD Tanks\WT\BA190313A\Block-3,2,WT
528,528,783,30,F:\Fmr1 SD Tanks\WT\BA190313A\Block-3,6,WT
530,530,807,30,F:\Fmr1 SD Tanks\WT\BA190313A\Block-3,14,WT
531,531,810,40,F:\Fmr1 SD Tanks\WT\BA190313A\Block-3,15,WT
547,547,9,40,F:\Fmr1 SD Tanks\WT\BA190313G\Block-4,4,WT
552,552,36,40,F:\Fmr1 SD Tanks\WT\BA190313G\Block-4,13,WT
558,558,60,40,F:\Fmr1 SD Tanks\WT\BA190313I\Block-3,5,WT
567,567,105,40,F:\Fmr1 SD Tanks\WT\BA190313J\Block-3,4,WT
597,597,276,20,F:\Fmr1 SD Tanks\WT\BA190326E\Block-3,13,WT
601,601,291,40,F:\Fmr1 SD Tanks\WT\BA190326G\Block-3,2,WT
609,609,348,40,F:\Fmr1 SD Tanks\WT\BA190326I\Block-3,5,WT
612,612,357,10,F:\Fmr1 SD Tanks\WT\BA190326I\Block-3,8,WT
618,618,387,30,F:\Fmr1 SD Tanks\KO\BA190328C\Block-3,2,KO
621,621,399,30,F:\Fmr1 SD Tanks\KO\BA190328C\Block-3,6,KO
622,622,414,30,F:\Fmr1 SD Tanks\KO\BA190328C\Block-3,11,KO
625,625,429,30,F:\Fmr1 SD Tanks\KO\BA190328C\Block-3,16,KO
638,638,0,30,/media/auerbach1/Auerbach_HD_WG/Fmr1 SD Tanks/KO/BA180410B/Block-3,1,KO
639,639,9,30,/media/auerbach1/Auerbach_HD_WG/Fmr1 SD Tanks/KO/BA180410B/Block-3,2,KO
640,640,18,40,/media/auerbach1/Auerbach_HD_WG/Fmr1 SD Tanks/KO/BA180410B/Block-3,3,KO
641,641,27,30,/media/auerbach1/Auerbach_HD_WG/Fmr1 SD Tanks/KO/BA180410B/Block-3,4,KO
642,642,36,30,/media/auerbach1/Auerbach_HD_WG/Fmr1 SD Tanks/KO/BA180410B/Block-3,5,KO
643,643,45,40,/media/auerbach1/Auerbach_HD_WG/Fmr1 SD Tanks/KO/BA180410B/Block-3,6,KO
644,644,54,40,/media/auerbach1/Auerbach_HD_WG/Fmr1 SD Tanks/KO/BA180410B/Block-3,7,KO
645,645,81,40,/media/auerbach1/Auerbach_HD_WG/Fmr1 SD Tanks/KO/BA180410B/Block-3,10,KO
646,646,90,40,/media/auerbach1/Auerbach_HD_WG/Fmr1 SD Tanks/KO/BA180410B/Block-3,11,KO
647,647,99,30,/media/auerbach1/Auerbach_HD_WG/Fmr1 SD Tanks/KO/BA180410B/Block-3,12,KO
648,648,108,30,/media/auerbach1/Auerbach_HD_WG/Fmr1 SD Tanks/KO/BA180410B/Block-3,13,KO
649,649,117,30,/media/auerbach1/Auerbach_HD_WG/Fmr1 SD Tanks/KO/BA180410B/Block-3,14,KO
650,650,126,30,/media/auerbach1/Auerbach_HD_WG/Fmr1 SD Tanks/KO/BA180410B/Block-3,15,KO
651,651,135,30,/media/auerbach1/Auerbach_HD_WG/Fmr1 SD Tanks/KO/BA180410B/Block-3,16,KO
652,652,144,30,/media/auerbach1/Auerbach_HD_WG/Fmr1 SD Tanks/KO/BA180410C/Block-3,1,KO
653,653,153,30,/media/auerbach1/Auerbach_HD_WG/Fmr1 SD Tanks/KO/BA180410C/Block-3,2,KO
654,654,162,30,/media/auerbach1/Auerbach_HD_WG/Fmr1 SD Tanks/KO/BA180410C/Block-3,3,KO
655,655,171,30,/media/auerbach1/Auerbach_HD_WG/Fmr1 SD Tanks/KO/BA180410C/Block-3,4,KO
656,656,180,30,/media/auerbach1/Auerbach_HD_WG/Fmr1 SD Tanks/KO/BA180410C/Block-3,5,KO
657,657,189,40,/media/auerbach1/Auerbach_HD_WG/Fmr1 SD Tanks/KO/BA180410C/Block-3,6,KO
658,658,198,40,/media/auerbach1/Auerbach_HD_WG/Fmr1 SD Tanks/KO/BA180410C/Block-3,7,KO
659,659,225,40,/media/auerbach1/Auerbach_HD_WG/Fmr1 SD Tanks/KO/BA180410C/Block-3,10,KO
660,660,234,30,/media/auerbach1/Auerbach_HD_WG/Fmr1 SD Tanks/KO/BA180410C/Block-3,11,KO
661,661,243,30,/media/auerbach1/Auerbach_HD_WG/Fmr1 SD Tanks/KO/BA180410C/Block-3,12,KO
662,662,252,40,/media/auerbach1/Auerbach_HD_WG/Fmr1 SD Tanks/KO/BA180410C/Block-3,13,KO
663,663,261,30,/media/auerbach1/Auerbach_HD_WG/Fmr1 SD Tanks/KO/BA180410C/Block-3,14,KO
664,664,270,30,/media/auerbach1/Auerbach_HD_WG/Fmr1 SD Tanks/KO/BA180410C/Block-3,15,KO
665,665,279,30,/media/auerbach1/Auerbach_HD_WG/Fmr1 SD Tanks/KO/BA180410C/Block-3,16,KO
666,666,288,30,/media/auerbach1/Auerbach_HD_WG/Fmr1 SD Tanks/KO/BA180410D/Block-4,1,KO
667,667,297,30,/media/auerbach1/Auerbach_HD_WG/Fmr1 SD Tanks/KO/BA180410D/Block-4,2,KO
668,668,306,30,/media/auerbach1/Auerbach_HD_WG/Fmr1 SD Tanks/KO/BA180410D/Block-4,3,KO
669,669,315,40,/media/auerbach1/Auerbach_HD_WG/Fmr1 SD Tanks/KO/BA180410D/Block-4,4,KO
670,670,324,30,/media/auerbach1/Auerbach_HD_WG/Fmr1 SD Tanks/KO/BA180410D/Block-4,5,KO
671,671,333,40,/media/auerbach1/Auerbach_HD_WG/Fmr1 SD Tanks/KO/BA180410D/Block-4,6,KO
672,672,342,50,/media/auerbach1/Auerbach_HD_WG/Fmr1 SD Tanks/KO/BA180410D/Block-4,7,KO
673,673,378,40,/media/auerbach1/Auerbach_HD_WG/Fmr1 SD Tanks/KO/BA180410D/Block-4,11,KO
674,674,387,30,/media/auerbach1/Auerbach_HD_WG/Fmr1 SD Tanks/KO/BA180410D/Block-4,12,KO
675,675,396,40,/media/auerbach1/Auerbach_HD_WG/Fmr1 SD Tanks/KO/BA180410D/Block-4,13,KO
676,676,405,30,/media/auerbach1/Auerbach_HD_WG/Fmr1 SD Tanks/KO/BA180410D/Block-4,14,KO
677,677,414,30,/media/auerbach1/Auerbach_HD_WG/Fmr1 SD Tanks/KO/BA180410D/Block-4,15,KO
678,678,423,20,/media/auerbach1/Auerbach_HD_WG/Fmr1 SD Tanks/KO/BA180410D/Block-4,16,KO
679,679,432,20,/media/auerbach1/Auerbach_HD_WG/Fmr1 SD Tanks/WT/BA180507B/Block-3,1,WT
680,680,441,20,/media/auerbach1/Auerbach_HD_WG/Fmr1 SD Tanks/WT/BA180507B/Block-3,2,WT
681,681,450,20,/media/auerbach1/Auerbach_HD_WG/Fmr1 SD Tanks/WT/BA180507B/Block-3,3,WT
682,682,459,10,/media/auerbach1/Auerbach_HD_WG/Fmr1 SD Tanks/WT/BA180507B/Block-3,4,WT
683,683,468,20,/media/auerbach1/Auerbach_HD_WG/Fmr1 SD Tanks/WT/BA180507B/Block-3,5,WT
684,684,477,30,/media/auerbach1/Auerbach_HD_WG/Fmr1 SD Tanks/WT/BA180507B/Block-3,6,WT
685,685,486,20,/media/auerbach1/Auerbach_HD_WG/Fmr1 SD Tanks/WT/BA180507B/Block-3,7,WT
686,686,513,30,/media/auerbach1/Auerbach_HD_WG/Fmr1 SD Tanks/WT/BA180507B/Block-3,10,WT
687,687,522,30,/media/auerbach1/Auerbach_HD_WG/Fmr1 SD Tanks/WT/BA180507B/Block-3,11,WT
688,688,531,20,/media/auerbach1/Auerbach_HD_WG/Fmr1 SD Tanks/WT/BA180507B/Block-3,12,WT
689,689,540,20,/media/auerbach1/Auerbach_HD_WG/Fmr1 SD Tanks/WT/BA180507B/Block-3,13,WT
690,690,549,20,/media/auerbach1/Auerbach_HD_WG/Fmr1 SD Tanks/WT/BA180507B/Block-3,14,WT
691,691,558,10,/media/auerbach1/Auerbach_HD_WG/Fmr1 SD Tanks/WT/BA180507B/Block-3,15,WT
692,692,567,20,/media/auerbach1/Auerbach_HD_WG/Fmr1 SD Tanks/WT/BA180507B/Block-3,16,WT
693,693,576,20,/media/auerbach1/Auerbach_HD_WG/Fmr1 SD Tanks/WT/BA180507D/Block-3,1,WT
694,694,585,20,/media/auerbach1/Auerbach_HD_WG/Fmr1 SD Tanks/WT/BA180507D/Block-3,2,WT
695,695,594,30,/media/auerbach1/Auerbach_HD_WG/Fmr1 SD Tanks/WT/BA180507D/Block-3,3,WT
696,696,603,20,/media/auerbach1/Auerbach_HD_WG/Fmr1 SD Tanks/WT/BA180507D/Block-3,4,WT
697,697,612,20,/media/auerbach1/Auerbach_HD_WG/Fmr1 SD Tanks/WT/BA180507D/Block-3,5,WT
698,698,621,20,/media/auerbach1/Auerbach_HD_WG/Fmr1 SD Tanks/WT/BA180507D/Block-3,6,WT
699,699,666,30,/media/auerbach1/Auerbach_HD_WG/Fmr1 SD Tanks/WT/BA180507D/Block-3,11,WT
700,700,675,20,/media/auerbach1/Auerbach_HD_WG/Fmr1 SD Tanks/WT/BA180507D/Block-3,12,WT
701,701,684,30,/media/auerbach1/Auerbach_HD_WG/Fmr1 SD Tanks/WT/BA180507D/Block-3,13,WT
702,702,693,20,/media/auerbach1/Auerbach_HD_WG/Fmr1 SD Tanks/WT/BA180507D/Block-3,14,WT
703,703,702,20,/media/auerbach1/Auerbach_HD_WG/Fmr1 SD Tanks/WT/BA180507D/Block-3,15,WT
704,704,711,20,/media/auerbach1/Auerbach_HD_WG/Fmr1 SD Tanks/WT/BA180507D/Block-3,16,WT
705,705,0,30,/media/dawg/Auerbach_HD_WG/Fmr1 SD Tanks/WT/BA180409C/Block-3,1,WT
706,706,9,30,/media/dawg/Auerbach_HD_WG/Fmr1 SD Tanks/WT/BA180409C/Block-3,2,WT
707,707,18,30,/media/dawg/Auerbach_HD_WG/Fmr1 SD Tanks/WT/BA180409C/Block-3,3,WT
708,708,27,30,/media/dawg/Auerbach_HD_WG/Fmr1 SD Tanks/WT/BA180409C/Block-3,4,WT
709,709,36,30,/media/dawg/Auerbach_HD_WG/Fmr1 SD Tanks/WT/BA180409C/Block-3,5,WT
710,710,45,40,/media/dawg/Auerbach_HD_WG/Fmr1 SD Tanks/WT/BA180409C/Block-3,6,WT
711,711,54,30,/media/dawg/Auerbach_HD_WG/Fmr1 SD Tanks/WT/BA180409C/Block-3,7,WT
712,712,63,40,/media/dawg/Auerbach_HD_WG/Fmr1 SD Tanks/WT/BA180409C/Block-3,8,WT
713,713,72,40,/media/dawg/Auerbach_HD_WG/Fmr1 SD Tanks/WT/BA180409C/Block-3,9,WT
714,714,81,30,/media/dawg/Auerbach_HD_WG/Fmr1 SD Tanks/WT/BA180409C/Block-3,10,WT
715,715,90,30,/media/dawg/Auerbach_HD_WG/Fmr1 SD Tanks/WT/BA180409C/Block-3,11,WT
716,716,99,30,/media/dawg/Auerbach_HD_WG/Fmr1 SD Tanks/WT/BA180409C/Block-3,12,WT
717,717,108,30,/media/dawg/Auerbach_HD_WG/Fmr1 SD Tanks/WT/BA180409C/Block-3,13,WT
718,718,117,30,/media/dawg/Auerbach_HD_WG/Fmr1 SD Tanks/WT/BA180409C/Block-3,14,WT
719,719,126,30,/media/dawg/Auerbach_HD_WG/Fmr1 SD Tanks/WT/BA180409C/Block-3,15,WT
720,720,135,30,/media/dawg/Auerbach_HD_WG/Fmr1 SD Tanks/WT/BA180409C/Block-3,16,WT
721,721,153,30,/media/dawg/Auerbach_HD_WG/Fmr1 SD Tanks/WT/BA180409E/Block-3,2,WT
722,722,162,30,/media/dawg/Auerbach_HD_WG/Fmr1 SD Tanks/WT/BA180409E/Block-3,3,WT
723,723,180,40,/media/dawg/Auerbach_HD_WG/Fmr1 SD Tanks/WT/BA180409E/Block-3,5,WT
724,724,189,40,/media/dawg/Auerbach_HD_WG/Fmr1 SD Tanks/WT/BA180409E/Block-3,6,WT
725,725,198,40,/media/dawg/Auerbach_HD_WG/Fmr1 SD Tanks/WT/BA180409E/Block-3,7,WT
726,726,207,50,/media/dawg/Auerbach_HD_WG/Fmr1 SD Tanks/WT/BA180409E/Block-3,8,WT
727,727,234,30,/media/dawg/Auerbach_HD_WG/Fmr1 SD Tanks/WT/BA180409E/Block-3,11,WT
728,728,243,40,/media/dawg/Auerbach_HD_WG/Fmr1 SD Tanks/WT/BA180409E/Block-3,12,WT
729,729,252,40,/media/dawg/Auerbach_HD_WG/Fmr1 SD Tanks/WT/BA180409E/Block-3,13,WT
730,730,261,40,/media/dawg/Auerbach_HD_WG/Fmr1 SD Tanks/WT/BA180409E/Block-3,14,WT
731,731,270,40,/media/dawg/Auerbach_HD_WG/Fmr1 SD Tanks/WT/BA180409E/Block-3,15,WT
732,732,279,40,/media/dawg/Auerbach_HD_WG/Fmr1 SD Tanks/WT/BA180409E/Block-3,16,WT
733,733,288,20,/media/dawg/Auerbach_HD_WG/Fmr1 SD Tanks/KO/BA180509D/Block-3,1,KO
734,734,297,20,/media/dawg/Auerbach_HD_WG/Fmr1 SD Tanks/KO/BA180509D/Block-3,2,KO
735,735,306,30,/media/dawg/Auerbach_HD_WG/Fmr1 SD Tanks/KO/BA180509D/Block-3,3,KO
736,736,315,20,/media/dawg/Auerbach_HD_WG/Fmr1 SD Tanks/KO/BA180509D/Block-3,4,KO
737,737,324,10,/media/dawg/Auerbach_HD_WG/Fmr1 SD Tanks/KO/BA180509D/Block-3,5,KO
738,738,342,20,/media/dawg/Auerbach_HD_WG/Fmr1 SD Tanks/KO/BA180509D/Block-3,7,KO
739,739,351,20,/media/dawg/Auerbach_HD_WG/Fmr1 SD Tanks/KO/BA180509D/Block-3,8,KO
740,740,360,20,/media/dawg/Auerbach_HD_WG/Fmr1 SD Tanks/KO/BA180509D/Block-3,9,KO
741,741,369,20,/media/dawg/Auerbach_HD_WG/Fmr1 SD Tanks/KO/BA180509D/Block-3,10,KO
742,742,387,10,/media/dawg/Auerbach_HD_WG/Fmr1 SD Tanks/KO/BA180509D/Block-3,12,KO
743,743,396,20,/media/dawg/Auerbach_HD_WG/Fmr1 SD Tanks/KO/BA180509D/Block-3,13,KO
744,744,405,20,/media/dawg/Auerbach_HD_WG/Fmr1 SD Tanks/KO/BA180509D/Block-3,14,KO
745,745,414,10,/media/dawg/Auerbach_HD_WG/Fmr1 SD Tanks/KO/BA180509D/Block-3,15,KO
746,746,423,20,/media/dawg/Auerbach_HD_WG/Fmr1 SD Tanks/KO/BA180509D/Block-3,16,KO
747,747,432,30,/media/dawg/Auerbach_HD_WG/Fmr1 SD Tanks/KO/BA180509F/Block-3,1,KO
748,748,441,30,/media/dawg/Auerbach_HD_WG/Fmr1 SD Tanks/KO/BA180509F/Block-3,2,KO
749,749,450,20,/media/dawg/Auerbach_HD_WG/Fmr1 SD Tanks/KO/BA180509F/Block-3,3,KO
750,750,459,30,/media/dawg/Auerbach_HD_WG/Fmr1 SD Tanks/KO/BA180509F/Block-3,4,KO
751,751,468,30,/media/dawg/Auerbach_HD_WG/Fmr1 SD Tanks/KO/BA180509F/Block-3,5,KO
752,752,486,30,/media/dawg/Auerbach_HD_WG/Fmr1 SD Tanks/KO/BA180509F/Block-3,7,KO
753,753,495,30,/media/dawg/Auerbach_HD_WG/Fmr1 SD Tanks/KO/BA180509F/Block-3,8,KO
754,754,504,50,/media/dawg/Auerbach_HD_WG/Fmr1 SD Tanks/KO/BA180509F/Block-3,9,KO
755,755,513,30,/media/dawg/Auerbach_HD_WG/Fmr1 SD Tanks/KO/BA180509F/Block-3,10,KO
756,756,531,20,/media/dawg/Auerbach_HD_WG/Fmr1 SD Tanks/KO/BA180509F/Block-3,12,KO
757,757,540,30,/media/dawg/Auerbach_HD_WG/Fmr1 SD Tanks/KO/BA180509F/Block-3,13,KO
758,758,549,40,/media/dawg/Auerbach_HD_WG/Fmr1 SD Tanks/KO/BA180509F/Block-3,14,KO
759,759,558,20,/media/dawg/Auerbach_HD_WG/Fmr1 SD Tanks/KO/BA180509F/Block-3,15,KO
760,760,567,40,/media/dawg/Auerbach_HD_WG/Fmr1 SD Tanks/KO/BA180509F/Block-3,16,KO
