,index,CF,file,channel,genotype
0,0,50000,F:\Fmr1 SD Tanks\WT\BA190305A\Block-2,1,WT
1,7,30000,F:\Fmr1 SD Tanks\WT\BA190305A\Block-2,2,WT
2,14,50000,F:\Fmr1 SD Tanks\WT\BA190305A\Block-2,3,WT
3,21,30000,F:\Fmr1 SD Tanks\WT\BA190305A\Block-2,4,WT
4,28,30000,F:\Fmr1 SD Tanks\WT\BA190305A\Block-2,5,WT
5,35,50000,F:\Fmr1 SD Tanks\WT\BA190305A\Block-2,6,WT
6,42,30000,F:\Fmr1 SD Tanks\WT\BA190305A\Block-2,7,WT
7,49,30000,F:\Fmr1 SD Tanks\WT\BA190305A\Block-2,8,WT
8,56,30000,F:\Fmr1 SD Tanks\WT\BA190305A\Block-2,9,WT
9,63,30000,F:\Fmr1 SD Tanks\WT\BA190305A\Block-2,10,WT
10,70,50000,F:\Fmr1 SD Tanks\WT\BA190305A\Block-2,11,WT
11,77,30000,F:\Fmr1 SD Tanks\WT\BA190305A\Block-2,12,WT
12,84,35000,F:\Fmr1 SD Tanks\WT\BA190305A\Block-2,13,WT
13,91,45000,F:\Fmr1 SD Tanks\WT\BA190305A\Block-2,14,WT
14,98,35000,F:\Fmr1 SD Tanks\WT\BA190305A\Block-2,15,WT
15,105,45000,F:\Fmr1 SD Tanks\WT\BA190305A\Block-2,16,WT
16,112,2000,F:\Fmr1 SD Tanks\WT\BA190305C\Block-2,1,WT
17,119,8000,F:\Fmr1 SD Tanks\WT\BA190305C\Block-2,2,WT
18,126,2000,F:\Fmr1 SD Tanks\WT\BA190305C\Block-2,3,WT
19,133,45000,F:\Fmr1 SD Tanks\WT\BA190305C\Block-2,4,WT
20,140,12000,F:\Fmr1 SD Tanks\WT\BA190305C\Block-2,5,WT
21,147,2000,F:\Fmr1 SD Tanks\WT\BA190305C\Block-2,6,WT
22,154,8000,F:\Fmr1 SD Tanks\WT\BA190305C\Block-2,7,WT
23,182,6000,F:\Fmr1 SD Tanks\WT\BA190305C\Block-2,11,WT
24,189,35000,F:\Fmr1 SD Tanks\WT\BA190305C\Block-2,12,WT
25,196,35000,F:\Fmr1 SD Tanks\WT\BA190305C\Block-2,13,WT
26,203,6000,F:\Fmr1 SD Tanks\WT\BA190305C\Block-2,14,WT
27,210,8000,F:\Fmr1 SD Tanks\WT\BA190305C\Block-2,15,WT
28,217,12000,F:\Fmr1 SD Tanks\WT\BA190305C\Block-2,16,WT
29,224,20000,F:\Fmr1 SD Tanks\WT\BA190305E\Block-2,1,WT
30,231,24000,F:\Fmr1 SD Tanks\WT\BA190305E\Block-2,2,WT
31,245,20000,F:\Fmr1 SD Tanks\WT\BA190305E\Block-2,4,WT
32,252,12000,F:\Fmr1 SD Tanks\WT\BA190305E\Block-2,5,WT
33,266,24000,F:\Fmr1 SD Tanks\WT\BA190305E\Block-2,7,WT
34,273,20000,F:\Fmr1 SD Tanks\WT\BA190305E\Block-2,8,WT
35,280,20000,F:\Fmr1 SD Tanks\WT\BA190305E\Block-2,9,WT
36,287,16000,F:\Fmr1 SD Tanks\WT\BA190305E\Block-2,10,WT
37,301,12000,F:\Fmr1 SD Tanks\WT\BA190305E\Block-2,12,WT
38,308,20000,F:\Fmr1 SD Tanks\WT\BA190305E\Block-2,13,WT
39,322,16000,F:\Fmr1 SD Tanks\WT\BA190305E\Block-2,15,WT
40,329,24000,F:\Fmr1 SD Tanks\WT\BA190305E\Block-2,16,WT
41,336,2000,F:\Fmr1 SD Tanks\WT\BA190305F\Block-2,1,WT
42,343,4000,F:\Fmr1 SD Tanks\WT\BA190305F\Block-2,2,WT
43,350,2000,F:\Fmr1 SD Tanks\WT\BA190305F\Block-2,3,WT
44,357,4000,F:\Fmr1 SD Tanks\WT\BA190305F\Block-2,4,WT
45,364,4000,F:\Fmr1 SD Tanks\WT\BA190305F\Block-2,5,WT
46,371,1500,F:\Fmr1 SD Tanks\WT\BA190305F\Block-2,6,WT
47,378,4000,F:\Fmr1 SD Tanks\WT\BA190305F\Block-2,7,WT
48,399,6000,F:\Fmr1 SD Tanks\WT\BA190305F\Block-2,10,WT
49,406,2000,F:\Fmr1 SD Tanks\WT\BA190305F\Block-2,11,WT
50,413,4000,F:\Fmr1 SD Tanks\WT\BA190305F\Block-2,12,WT
51,420,4000,F:\Fmr1 SD Tanks\WT\BA190305F\Block-2,13,WT
52,427,3000,F:\Fmr1 SD Tanks\WT\BA190305F\Block-2,14,WT
53,434,4000,F:\Fmr1 SD Tanks\WT\BA190305F\Block-2,15,WT
54,441,4000,F:\Fmr1 SD Tanks\WT\BA190305F\Block-2,16,WT
55,448,4000,F:\Fmr1 SD Tanks\WT\BA190305G\Block-2,1,WT
56,455,2000,F:\Fmr1 SD Tanks\WT\BA190305G\Block-2,2,WT
57,462,2000,F:\Fmr1 SD Tanks\WT\BA190305G\Block-2,3,WT
58,469,4000,F:\Fmr1 SD Tanks\WT\BA190305G\Block-2,4,WT
59,476,4000,F:\Fmr1 SD Tanks\WT\BA190305G\Block-2,5,WT
60,483,1500,F:\Fmr1 SD Tanks\WT\BA190305G\Block-2,6,WT
61,518,4000,F:\Fmr1 SD Tanks\WT\BA190305G\Block-2,11,WT
62,525,4000,F:\Fmr1 SD Tanks\WT\BA190305G\Block-2,12,WT
63,539,4000,F:\Fmr1 SD Tanks\WT\BA190305G\Block-2,14,WT
64,546,4000,F:\Fmr1 SD Tanks\WT\BA190305G\Block-2,15,WT
65,553,6000,F:\Fmr1 SD Tanks\WT\BA190305G\Block-2,16,WT
66,560,45000,F:\Fmr1 SD Tanks\WT\BA190305H\Block-2,1,WT
67,567,12000,F:\Fmr1 SD Tanks\WT\BA190305H\Block-2,2,WT
68,574,45000,F:\Fmr1 SD Tanks\WT\BA190305H\Block-2,3,WT
69,588,12000,F:\Fmr1 SD Tanks\WT\BA190305H\Block-2,5,WT
70,595,12000,F:\Fmr1 SD Tanks\WT\BA190305H\Block-2,6,WT
71,630,35000,F:\Fmr1 SD Tanks\WT\BA190305H\Block-2,11,WT
72,651,12000,F:\Fmr1 SD Tanks\WT\BA190305H\Block-2,14,WT
73,658,12000,F:\Fmr1 SD Tanks\WT\BA190305H\Block-2,15,WT
74,665,12000,F:\Fmr1 SD Tanks\WT\BA190305H\Block-2,16,WT
75,672,8000,F:\Fmr1 SD Tanks\KO\BA190306A\Block-3,1,KO
76,679,16000,F:\Fmr1 SD Tanks\KO\BA190306A\Block-3,2,KO
77,686,12000,F:\Fmr1 SD Tanks\KO\BA190306A\Block-3,3,KO
78,693,16000,F:\Fmr1 SD Tanks\KO\BA190306A\Block-3,4,KO
79,700,16000,F:\Fmr1 SD Tanks\KO\BA190306A\Block-3,5,KO
80,714,16000,F:\Fmr1 SD Tanks\KO\BA190306A\Block-3,7,KO
81,742,8000,F:\Fmr1 SD Tanks\KO\BA190306A\Block-3,11,KO
82,749,12000,F:\Fmr1 SD Tanks\KO\BA190306A\Block-3,12,KO
83,756,12000,F:\Fmr1 SD Tanks\KO\BA190306A\Block-3,13,KO
84,763,12000,F:\Fmr1 SD Tanks\KO\BA190306A\Block-3,14,KO
85,770,12000,F:\Fmr1 SD Tanks\KO\BA190306A\Block-3,15,KO
86,777,12000,F:\Fmr1 SD Tanks\KO\BA190306A\Block-3,16,KO
87,784,24000,F:\Fmr1 SD Tanks\KO\BA190306C\Block-3,1,KO
88,791,20000,F:\Fmr1 SD Tanks\KO\BA190306C\Block-3,2,KO
89,798,20000,F:\Fmr1 SD Tanks\KO\BA190306C\Block-3,3,KO
90,805,24000,F:\Fmr1 SD Tanks\KO\BA190306C\Block-3,4,KO
91,812,8000,F:\Fmr1 SD Tanks\KO\BA190306C\Block-3,5,KO
92,826,16000,F:\Fmr1 SD Tanks\KO\BA190306C\Block-3,7,KO
93,861,12000,F:\Fmr1 SD Tanks\KO\BA190306C\Block-3,12,KO
94,868,16000,F:\Fmr1 SD Tanks\KO\BA190306C\Block-3,13,KO
95,875,24000,F:\Fmr1 SD Tanks\KO\BA190306C\Block-3,14,KO
96,882,24000,F:\Fmr1 SD Tanks\KO\BA190306C\Block-3,15,KO
97,889,24000,F:\Fmr1 SD Tanks\KO\BA190306C\Block-3,16,KO
98,896,2000,F:\Fmr1 SD Tanks\KO\BA190306E\Block-3,1,KO
99,903,2000,F:\Fmr1 SD Tanks\KO\BA190306E\Block-3,2,KO
100,917,2000,F:\Fmr1 SD Tanks\KO\BA190306E\Block-3,4,KO
101,924,2000,F:\Fmr1 SD Tanks\KO\BA190306E\Block-3,5,KO
102,938,2000,F:\Fmr1 SD Tanks\KO\BA190306E\Block-3,7,KO
103,973,2000,F:\Fmr1 SD Tanks\KO\BA190306E\Block-3,12,KO
104,980,2000,F:\Fmr1 SD Tanks\KO\BA190306E\Block-3,13,KO
105,987,1500,F:\Fmr1 SD Tanks\KO\BA190306E\Block-3,14,KO
106,994,2000,F:\Fmr1 SD Tanks\KO\BA190306E\Block-3,15,KO
107,1001,2000,F:\Fmr1 SD Tanks\KO\BA190306E\Block-3,16,KO
108,1008,24000,F:\Fmr1 SD Tanks\KO\BA190306G\Block-3,1,KO
109,1015,24000,F:\Fmr1 SD Tanks\KO\BA190306G\Block-3,2,KO
110,1029,16000,F:\Fmr1 SD Tanks\KO\BA190306G\Block-3,4,KO
111,1036,16000,F:\Fmr1 SD Tanks\KO\BA190306G\Block-3,5,KO
112,1050,20000,F:\Fmr1 SD Tanks\KO\BA190306G\Block-3,7,KO
113,1057,20000,F:\Fmr1 SD Tanks\KO\BA190306G\Block-3,8,KO
114,1071,20000,F:\Fmr1 SD Tanks\KO\BA190306G\Block-3,10,KO
115,1085,20000,F:\Fmr1 SD Tanks\KO\BA190306G\Block-3,12,KO
116,1092,16000,F:\Fmr1 SD Tanks\KO\BA190306G\Block-3,13,KO
117,1106,20000,F:\Fmr1 SD Tanks\KO\BA190306G\Block-3,15,KO
118,1113,24000,F:\Fmr1 SD Tanks\KO\BA190306G\Block-3,16,KO
119,1120,35000,F:\Fmr1 SD Tanks\KO\BA190306I\Block-3,1,KO
120,1127,30000,F:\Fmr1 SD Tanks\KO\BA190306I\Block-3,2,KO
121,1134,2000,F:\Fmr1 SD Tanks\KO\BA190306I\Block-3,3,KO
122,1148,30000,F:\Fmr1 SD Tanks\KO\BA190306I\Block-3,5,KO
123,1162,35000,F:\Fmr1 SD Tanks\KO\BA190306I\Block-3,7,KO
124,1183,20000,F:\Fmr1 SD Tanks\KO\BA190306I\Block-3,10,KO
125,1197,30000,F:\Fmr1 SD Tanks\KO\BA190306I\Block-3,12,KO
126,1204,30000,F:\Fmr1 SD Tanks\KO\BA190306I\Block-3,13,KO
127,1211,30000,F:\Fmr1 SD Tanks\KO\BA190306I\Block-3,14,KO
128,1218,20000,F:\Fmr1 SD Tanks\KO\BA190306I\Block-3,15,KO
129,1225,30000,F:\Fmr1 SD Tanks\KO\BA190306I\Block-3,16,KO
130,1232,8000,F:\Fmr1 SD Tanks\KO\BA190312A\Block-3,1,KO
131,1239,8000,F:\Fmr1 SD Tanks\KO\BA190312A\Block-3,2,KO
132,1246,4000,F:\Fmr1 SD Tanks\KO\BA190312A\Block-3,3,KO
133,1253,8000,F:\Fmr1 SD Tanks\KO\BA190312A\Block-3,4,KO
134,1260,6000,F:\Fmr1 SD Tanks\KO\BA190312A\Block-3,5,KO
135,1267,6000,F:\Fmr1 SD Tanks\KO\BA190312A\Block-3,6,KO
136,1274,6000,F:\Fmr1 SD Tanks\KO\BA190312A\Block-3,7,KO
137,1302,6000,F:\Fmr1 SD Tanks\KO\BA190312A\Block-3,11,KO
138,1309,8000,F:\Fmr1 SD Tanks\KO\BA190312A\Block-3,12,KO
139,1316,8000,F:\Fmr1 SD Tanks\KO\BA190312A\Block-3,13,KO
140,1323,6000,F:\Fmr1 SD Tanks\KO\BA190312A\Block-3,14,KO
141,1330,6000,F:\Fmr1 SD Tanks\KO\BA190312A\Block-3,15,KO
142,1337,8000,F:\Fmr1 SD Tanks\KO\BA190312A\Block-3,16,KO
143,1344,24000,F:\Fmr1 SD Tanks\KO\BA190312C\Block-3,1,KO
144,1351,24000,F:\Fmr1 SD Tanks\KO\BA190312C\Block-3,2,KO
145,1358,35000,F:\Fmr1 SD Tanks\KO\BA190312C\Block-3,3,KO
146,1365,16000,F:\Fmr1 SD Tanks\KO\BA190312C\Block-3,4,KO
147,1372,24000,F:\Fmr1 SD Tanks\KO\BA190312C\Block-3,5,KO
148,1379,40000,F:\Fmr1 SD Tanks\KO\BA190312C\Block-3,6,KO
149,1386,16000,F:\Fmr1 SD Tanks\KO\BA190312C\Block-3,7,KO
150,1407,16000,F:\Fmr1 SD Tanks\KO\BA190312C\Block-3,10,KO
151,1414,35000,F:\Fmr1 SD Tanks\KO\BA190312C\Block-3,11,KO
152,1421,20000,F:\Fmr1 SD Tanks\KO\BA190312C\Block-3,12,KO
153,1428,24000,F:\Fmr1 SD Tanks\KO\BA190312C\Block-3,13,KO
154,1435,35000,F:\Fmr1 SD Tanks\KO\BA190312C\Block-3,14,KO
155,1442,24000,F:\Fmr1 SD Tanks\KO\BA190312C\Block-3,15,KO
156,1449,30000,F:\Fmr1 SD Tanks\KO\BA190312C\Block-3,16,KO
157,1456,1500,F:\Fmr1 SD Tanks\KO\BA190312E\Block-3,1,KO
158,1463,1500,F:\Fmr1 SD Tanks\KO\BA190312E\Block-3,2,KO
159,1470,1500,F:\Fmr1 SD Tanks\KO\BA190312E\Block-3,3,KO
160,1477,3000,F:\Fmr1 SD Tanks\KO\BA190312E\Block-3,4,KO
161,1484,1500,F:\Fmr1 SD Tanks\KO\BA190312E\Block-3,5,KO
162,1491,1500,F:\Fmr1 SD Tanks\KO\BA190312E\Block-3,6,KO
163,1498,1500,F:\Fmr1 SD Tanks\KO\BA190312E\Block-3,7,KO
164,1526,1500,F:\Fmr1 SD Tanks\KO\BA190312E\Block-3,11,KO
165,1533,2000,F:\Fmr1 SD Tanks\KO\BA190312E\Block-3,12,KO
166,1540,3000,F:\Fmr1 SD Tanks\KO\BA190312E\Block-3,13,KO
167,1547,1500,F:\Fmr1 SD Tanks\KO\BA190312E\Block-3,14,KO
168,1554,1500,F:\Fmr1 SD Tanks\KO\BA190312E\Block-3,15,KO
169,1561,2000,F:\Fmr1 SD Tanks\KO\BA190312E\Block-3,16,KO
170,1568,8000,F:\Fmr1 SD Tanks\KO\BA190312G\Block-3,1,KO
171,1575,8000,F:\Fmr1 SD Tanks\KO\BA190312G\Block-3,2,KO
172,1582,20000,F:\Fmr1 SD Tanks\KO\BA190312G\Block-3,3,KO
173,1589,16000,F:\Fmr1 SD Tanks\KO\BA190312G\Block-3,4,KO
174,1596,16000,F:\Fmr1 SD Tanks\KO\BA190312G\Block-3,5,KO
175,1603,24000,F:\Fmr1 SD Tanks\KO\BA190312G\Block-3,6,KO
176,1638,24000,F:\Fmr1 SD Tanks\KO\BA190312G\Block-3,11,KO
177,1645,16000,F:\Fmr1 SD Tanks\KO\BA190312G\Block-3,12,KO
178,1652,16000,F:\Fmr1 SD Tanks\KO\BA190312G\Block-3,13,KO
179,1659,12000,F:\Fmr1 SD Tanks\KO\BA190312G\Block-3,14,KO
180,1666,8000,F:\Fmr1 SD Tanks\KO\BA190312G\Block-3,15,KO
181,1673,8000,F:\Fmr1 SD Tanks\KO\BA190312G\Block-3,16,KO
182,1680,12000,F:\Fmr1 SD Tanks\KO\BA190312I\Block-3,1,KO
183,1687,16000,F:\Fmr1 SD Tanks\KO\BA190312I\Block-3,2,KO
184,1694,40000,F:\Fmr1 SD Tanks\KO\BA190312I\Block-3,3,KO
185,1701,12000,F:\Fmr1 SD Tanks\KO\BA190312I\Block-3,4,KO
186,1708,16000,F:\Fmr1 SD Tanks\KO\BA190312I\Block-3,5,KO
187,1715,8000,F:\Fmr1 SD Tanks\KO\BA190312I\Block-3,6,KO
188,1722,12000,F:\Fmr1 SD Tanks\KO\BA190312I\Block-3,7,KO
189,1743,8000,F:\Fmr1 SD Tanks\KO\BA190312I\Block-3,10,KO
190,1750,40000,F:\Fmr1 SD Tanks\KO\BA190312I\Block-3,11,KO
191,1757,12000,F:\Fmr1 SD Tanks\KO\BA190312I\Block-3,12,KO
192,1764,12000,F:\Fmr1 SD Tanks\KO\BA190312I\Block-3,13,KO
193,1771,12000,F:\Fmr1 SD Tanks\KO\BA190312I\Block-3,14,KO
194,1778,8000,F:\Fmr1 SD Tanks\KO\BA190312I\Block-3,15,KO
195,1785,12000,F:\Fmr1 SD Tanks\KO\BA190312I\Block-3,16,KO
196,1806,40000,F:\Fmr1 SD Tanks\WT\BA190313A\Block-3,3,WT
197,1862,30000,F:\Fmr1 SD Tanks\WT\BA190313A\Block-3,11,WT
198,1897,45000,F:\Fmr1 SD Tanks\WT\BA190313A\Block-3,16,WT
199,1904,16000,F:\Fmr1 SD Tanks\WT\BA190313E\Block-3,1,WT
200,1974,20000,F:\Fmr1 SD Tanks\WT\BA190313E\Block-3,11,WT
201,2016,45000,F:\Fmr1 SD Tanks\WT\BA190313G\Block-4,1,WT
202,2023,45000,F:\Fmr1 SD Tanks\WT\BA190313G\Block-4,2,WT
203,2030,45000,F:\Fmr1 SD Tanks\WT\BA190313G\Block-4,3,WT
204,2044,45000,F:\Fmr1 SD Tanks\WT\BA190313G\Block-4,5,WT
205,2051,45000,F:\Fmr1 SD Tanks\WT\BA190313G\Block-4,6,WT
206,2086,45000,F:\Fmr1 SD Tanks\WT\BA190313G\Block-4,11,WT
207,2093,55000,F:\Fmr1 SD Tanks\WT\BA190313G\Block-4,12,WT
208,2107,30000,F:\Fmr1 SD Tanks\WT\BA190313G\Block-4,14,WT
209,2114,45000,F:\Fmr1 SD Tanks\WT\BA190313G\Block-4,15,WT
210,2121,45000,F:\Fmr1 SD Tanks\WT\BA190313G\Block-4,16,WT
211,7,45000,F:\Fmr1 SD Tanks\WT\BA190313G\Block-4,2,WT
212,14,45000,F:\Fmr1 SD Tanks\WT\BA190313G\Block-4,3,WT
213,35,45000,F:\Fmr1 SD Tanks\WT\BA190313G\Block-4,6,WT
214,70,45000,F:\Fmr1 SD Tanks\WT\BA190313G\Block-4,11,WT
215,91,30000,F:\Fmr1 SD Tanks\WT\BA190313G\Block-4,14,WT
216,105,45000,F:\Fmr1 SD Tanks\WT\BA190313G\Block-4,16,WT
217,112,35000,F:\Fmr1 SD Tanks\WT\BA190313I\Block-3,1,WT
218,119,35000,F:\Fmr1 SD Tanks\WT\BA190313I\Block-3,2,WT
219,126,4000,F:\Fmr1 SD Tanks\WT\BA190313I\Block-3,3,WT
220,147,4000,F:\Fmr1 SD Tanks\WT\BA190313I\Block-3,6,WT
221,182,8000,F:\Fmr1 SD Tanks\WT\BA190313I\Block-3,11,WT
222,210,35000,F:\Fmr1 SD Tanks\WT\BA190313I\Block-3,15,WT
223,217,35000,F:\Fmr1 SD Tanks\WT\BA190313I\Block-3,16,WT
224,224,8000,F:\Fmr1 SD Tanks\WT\BA190313J\Block-3,1,WT
225,231,8000,F:\Fmr1 SD Tanks\WT\BA190313J\Block-3,2,WT
226,238,6000,F:\Fmr1 SD Tanks\WT\BA190313J\Block-3,3,WT
227,252,35000,F:\Fmr1 SD Tanks\WT\BA190313J\Block-3,5,WT
228,259,8000,F:\Fmr1 SD Tanks\WT\BA190313J\Block-3,6,WT
229,294,4000,F:\Fmr1 SD Tanks\WT\BA190313J\Block-3,11,WT
230,301,35000,F:\Fmr1 SD Tanks\WT\BA190313J\Block-3,12,WT
231,308,6000,F:\Fmr1 SD Tanks\WT\BA190313J\Block-3,13,WT
232,315,8000,F:\Fmr1 SD Tanks\WT\BA190313J\Block-3,14,WT
233,322,35000,F:\Fmr1 SD Tanks\WT\BA190313J\Block-3,15,WT
234,329,12000,F:\Fmr1 SD Tanks\WT\BA190313J\Block-3,16,WT
235,336,8000,F:\Fmr1 SD Tanks\WT\BA190326A\Block-3,1,WT
236,343,4000,F:\Fmr1 SD Tanks\WT\BA190326A\Block-3,2,WT
237,350,12000,F:\Fmr1 SD Tanks\WT\BA190326A\Block-3,3,WT
238,364,4000,F:\Fmr1 SD Tanks\WT\BA190326A\Block-3,5,WT
239,406,12000,F:\Fmr1 SD Tanks\WT\BA190326A\Block-3,11,WT
240,413,8000,F:\Fmr1 SD Tanks\WT\BA190326A\Block-3,12,WT
241,427,6000,F:\Fmr1 SD Tanks\WT\BA190326A\Block-3,14,WT
242,434,8000,F:\Fmr1 SD Tanks\WT\BA190326A\Block-3,15,WT
243,441,6000,F:\Fmr1 SD Tanks\WT\BA190326A\Block-3,16,WT
244,448,45000,F:\Fmr1 SD Tanks\WT\BA190326C\Block-3,1,WT
245,455,50000,F:\Fmr1 SD Tanks\WT\BA190326C\Block-3,2,WT
246,462,30000,F:\Fmr1 SD Tanks\WT\BA190326C\Block-3,3,WT
247,476,45000,F:\Fmr1 SD Tanks\WT\BA190326C\Block-3,5,WT
248,483,35000,F:\Fmr1 SD Tanks\WT\BA190326C\Block-3,6,WT
249,518,35000,F:\Fmr1 SD Tanks\WT\BA190326C\Block-3,11,WT
250,539,30000,F:\Fmr1 SD Tanks\WT\BA190326C\Block-3,14,WT
251,546,50000,F:\Fmr1 SD Tanks\WT\BA190326C\Block-3,15,WT
252,553,35000,F:\Fmr1 SD Tanks\WT\BA190326C\Block-3,16,WT
253,567,6000,F:\Fmr1 SD Tanks\WT\BA190326E\Block-3,2,WT
254,581,6000,F:\Fmr1 SD Tanks\WT\BA190326E\Block-3,4,WT
255,588,6000,F:\Fmr1 SD Tanks\WT\BA190326E\Block-3,5,WT
256,637,6000,F:\Fmr1 SD Tanks\WT\BA190326E\Block-3,12,WT
257,658,6000,F:\Fmr1 SD Tanks\WT\BA190326E\Block-3,15,WT
258,665,6000,F:\Fmr1 SD Tanks\WT\BA190326E\Block-3,16,WT
259,672,30000,F:\Fmr1 SD Tanks\WT\BA190326G\Block-3,1,WT
260,686,24000,F:\Fmr1 SD Tanks\WT\BA190326G\Block-3,3,WT
261,707,30000,F:\Fmr1 SD Tanks\WT\BA190326G\Block-3,6,WT
262,742,24000,F:\Fmr1 SD Tanks\WT\BA190326G\Block-3,11,WT
263,763,24000,F:\Fmr1 SD Tanks\WT\BA190326G\Block-3,14,WT
264,784,24000,F:\Fmr1 SD Tanks\WT\BA190326I\Block-3,1,WT
265,791,45000,F:\Fmr1 SD Tanks\WT\BA190326I\Block-3,2,WT
266,798,30000,F:\Fmr1 SD Tanks\WT\BA190326I\Block-3,3,WT
267,819,35000,F:\Fmr1 SD Tanks\WT\BA190326I\Block-3,6,WT
268,847,35000,F:\Fmr1 SD Tanks\WT\BA190326I\Block-3,10,WT
269,854,30000,F:\Fmr1 SD Tanks\WT\BA190326I\Block-3,11,WT
270,861,45000,F:\Fmr1 SD Tanks\WT\BA190326I\Block-3,12,WT
271,868,45000,F:\Fmr1 SD Tanks\WT\BA190326I\Block-3,13,WT
272,875,24000,F:\Fmr1 SD Tanks\WT\BA190326I\Block-3,14,WT
273,882,50000,F:\Fmr1 SD Tanks\WT\BA190326I\Block-3,15,WT
274,889,50000,F:\Fmr1 SD Tanks\WT\BA190326I\Block-3,16,WT
275,896,35000,F:\Fmr1 SD Tanks\KO\BA190328C\Block-3,1,KO
276,910,35000,F:\Fmr1 SD Tanks\KO\BA190328C\Block-3,3,KO
277,987,35000,F:\Fmr1 SD Tanks\KO\BA190328C\Block-3,14,KO
278,994,12000,F:\Fmr1 SD Tanks\KO\BA190328C\Block-3,15,KO
279,1008,6000,F:\Fmr1 SD Tanks\KO\BA190328E\Block-3,1,KO
280,1015,6000,F:\Fmr1 SD Tanks\KO\BA190328E\Block-3,2,KO
281,1022,12000,F:\Fmr1 SD Tanks\KO\BA190328E\Block-3,3,KO
282,1029,12000,F:\Fmr1 SD Tanks\KO\BA190328E\Block-3,4,KO
283,1036,12000,F:\Fmr1 SD Tanks\KO\BA190328E\Block-3,5,KO
284,1043,3000,F:\Fmr1 SD Tanks\KO\BA190328E\Block-3,6,KO
285,1050,12000,F:\Fmr1 SD Tanks\KO\BA190328E\Block-3,7,KO
286,1071,12000,F:\Fmr1 SD Tanks\KO\BA190328E\Block-3,10,KO
287,1078,12000,F:\Fmr1 SD Tanks\KO\BA190328E\Block-3,11,KO
288,1085,12000,F:\Fmr1 SD Tanks\KO\BA190328E\Block-3,12,KO
289,1092,12000,F:\Fmr1 SD Tanks\KO\BA190328E\Block-3,13,KO
290,1099,8000,F:\Fmr1 SD Tanks\KO\BA190328E\Block-3,14,KO
291,1106,12000,F:\Fmr1 SD Tanks\KO\BA190328E\Block-3,15,KO
292,1113,8000,F:\Fmr1 SD Tanks\KO\BA190328E\Block-3,16,KO
293,0,30000,F:\Fmr1 SD Tanks\WT\BA190305A\Block-2,1,WT
294,3,30000,F:\Fmr1 SD Tanks\WT\BA190305A\Block-2,2,WT
295,6,30000,F:\Fmr1 SD Tanks\WT\BA190305A\Block-2,3,WT
296,9,30000,F:\Fmr1 SD Tanks\WT\BA190305A\Block-2,4,WT
297,12,30000,F:\Fmr1 SD Tanks\WT\BA190305A\Block-2,5,WT
298,15,50000,F:\Fmr1 SD Tanks\WT\BA190305A\Block-2,6,WT
299,18,30000,F:\Fmr1 SD Tanks\WT\BA190305A\Block-2,7,WT
300,21,30000,F:\Fmr1 SD Tanks\WT\BA190305A\Block-2,8,WT
301,24,30000,F:\Fmr1 SD Tanks\WT\BA190305A\Block-2,9,WT
302,27,30000,F:\Fmr1 SD Tanks\WT\BA190305A\Block-2,10,WT
303,30,50000,F:\Fmr1 SD Tanks\WT\BA190305A\Block-2,11,WT
304,33,30000,F:\Fmr1 SD Tanks\WT\BA190305A\Block-2,12,WT
305,36,30000,F:\Fmr1 SD Tanks\WT\BA190305A\Block-2,13,WT
306,39,35000,F:\Fmr1 SD Tanks\WT\BA190305A\Block-2,14,WT
307,42,30000,F:\Fmr1 SD Tanks\WT\BA190305A\Block-2,15,WT
308,45,30000,F:\Fmr1 SD Tanks\WT\BA190305A\Block-2,16,WT
309,48,4000,F:\Fmr1 SD Tanks\WT\BA190305C\Block-2,1,WT
310,51,8000,F:\Fmr1 SD Tanks\WT\BA190305C\Block-2,2,WT
311,54,6000,F:\Fmr1 SD Tanks\WT\BA190305C\Block-2,3,WT
312,57,8000,F:\Fmr1 SD Tanks\WT\BA190305C\Block-2,4,WT
313,60,12000,F:\Fmr1 SD Tanks\WT\BA190305C\Block-2,5,WT
314,63,2000,F:\Fmr1 SD Tanks\WT\BA190305C\Block-2,6,WT
315,66,35000,F:\Fmr1 SD Tanks\WT\BA190305C\Block-2,7,WT
316,78,6000,F:\Fmr1 SD Tanks\WT\BA190305C\Block-2,11,WT
317,81,30000,F:\Fmr1 SD Tanks\WT\BA190305C\Block-2,12,WT
318,84,12000,F:\Fmr1 SD Tanks\WT\BA190305C\Block-2,13,WT
319,87,6000,F:\Fmr1 SD Tanks\WT\BA190305C\Block-2,14,WT
320,90,8000,F:\Fmr1 SD Tanks\WT\BA190305C\Block-2,15,WT
321,93,4000,F:\Fmr1 SD Tanks\WT\BA190305C\Block-2,16,WT
322,96,24000,F:\Fmr1 SD Tanks\WT\BA190305E\Block-2,1,WT
323,99,24000,F:\Fmr1 SD Tanks\WT\BA190305E\Block-2,2,WT
324,105,20000,F:\Fmr1 SD Tanks\WT\BA190305E\Block-2,4,WT
325,108,6000,F:\Fmr1 SD Tanks\WT\BA190305E\Block-2,5,WT
326,114,24000,F:\Fmr1 SD Tanks\WT\BA190305E\Block-2,7,WT
327,117,20000,F:\Fmr1 SD Tanks\WT\BA190305E\Block-2,8,WT
328,120,20000,F:\Fmr1 SD Tanks\WT\BA190305E\Block-2,9,WT
329,123,16000,F:\Fmr1 SD Tanks\WT\BA190305E\Block-2,10,WT
330,129,16000,F:\Fmr1 SD Tanks\WT\BA190305E\Block-2,12,WT
331,132,16000,F:\Fmr1 SD Tanks\WT\BA190305E\Block-2,13,WT
332,138,16000,F:\Fmr1 SD Tanks\WT\BA190305E\Block-2,15,WT
333,141,20000,F:\Fmr1 SD Tanks\WT\BA190305E\Block-2,16,WT
334,144,2000,F:\Fmr1 SD Tanks\WT\BA190305F\Block-2,1,WT
335,147,4000,F:\Fmr1 SD Tanks\WT\BA190305F\Block-2,2,WT
336,150,2000,F:\Fmr1 SD Tanks\WT\BA190305F\Block-2,3,WT
337,153,4000,F:\Fmr1 SD Tanks\WT\BA190305F\Block-2,4,WT
338,156,4000,F:\Fmr1 SD Tanks\WT\BA190305F\Block-2,5,WT
339,159,1500,F:\Fmr1 SD Tanks\WT\BA190305F\Block-2,6,WT
340,162,4000,F:\Fmr1 SD Tanks\WT\BA190305F\Block-2,7,WT
341,174,2000,F:\Fmr1 SD Tanks\WT\BA190305F\Block-2,11,WT
342,177,4000,F:\Fmr1 SD Tanks\WT\BA190305F\Block-2,12,WT
343,180,4000,F:\Fmr1 SD Tanks\WT\BA190305F\Block-2,13,WT
344,183,4000,F:\Fmr1 SD Tanks\WT\BA190305F\Block-2,14,WT
345,186,4000,F:\Fmr1 SD Tanks\WT\BA190305F\Block-2,15,WT
346,189,4000,F:\Fmr1 SD Tanks\WT\BA190305F\Block-2,16,WT
347,192,2000,F:\Fmr1 SD Tanks\WT\BA190305G\Block-2,1,WT
348,195,2000,F:\Fmr1 SD Tanks\WT\BA190305G\Block-2,2,WT
349,198,2000,F:\Fmr1 SD Tanks\WT\BA190305G\Block-2,3,WT
350,201,6000,F:\Fmr1 SD Tanks\WT\BA190305G\Block-2,4,WT
351,204,4000,F:\Fmr1 SD Tanks\WT\BA190305G\Block-2,5,WT
352,207,1500,F:\Fmr1 SD Tanks\WT\BA190305G\Block-2,6,WT
353,222,4000,F:\Fmr1 SD Tanks\WT\BA190305G\Block-2,11,WT
354,225,4000,F:\Fmr1 SD Tanks\WT\BA190305G\Block-2,12,WT
355,228,6000,F:\Fmr1 SD Tanks\WT\BA190305G\Block-2,13,WT
356,231,3000,F:\Fmr1 SD Tanks\WT\BA190305G\Block-2,14,WT
357,234,4000,F:\Fmr1 SD Tanks\WT\BA190305G\Block-2,15,WT
358,237,3000,F:\Fmr1 SD Tanks\WT\BA190305G\Block-2,16,WT
359,240,12000,F:\Fmr1 SD Tanks\WT\BA190305H\Block-2,1,WT
360,243,12000,F:\Fmr1 SD Tanks\WT\BA190305H\Block-2,2,WT
361,246,45000,F:\Fmr1 SD Tanks\WT\BA190305H\Block-2,3,WT
362,252,16000,F:\Fmr1 SD Tanks\WT\BA190305H\Block-2,5,WT
363,255,35000,F:\Fmr1 SD Tanks\WT\BA190305H\Block-2,6,WT
364,270,35000,F:\Fmr1 SD Tanks\WT\BA190305H\Block-2,11,WT
365,279,20000,F:\Fmr1 SD Tanks\WT\BA190305H\Block-2,14,WT
366,282,20000,F:\Fmr1 SD Tanks\WT\BA190305H\Block-2,15,WT
367,285,12000,F:\Fmr1 SD Tanks\WT\BA190305H\Block-2,16,WT
368,288,8000,F:\Fmr1 SD Tanks\KO\BA190306A\Block-3,1,KO
369,291,16000,F:\Fmr1 SD Tanks\KO\BA190306A\Block-3,2,KO
370,294,6000,F:\Fmr1 SD Tanks\KO\BA190306A\Block-3,3,KO
371,297,16000,F:\Fmr1 SD Tanks\KO\BA190306A\Block-3,4,KO
372,300,16000,F:\Fmr1 SD Tanks\KO\BA190306A\Block-3,5,KO
373,303,6000,F:\Fmr1 SD Tanks\KO\BA190306A\Block-3,6,KO
374,306,8000,F:\Fmr1 SD Tanks\KO\BA190306A\Block-3,7,KO
375,318,6000,F:\Fmr1 SD Tanks\KO\BA190306A\Block-3,11,KO
376,321,12000,F:\Fmr1 SD Tanks\KO\BA190306A\Block-3,12,KO
377,324,12000,F:\Fmr1 SD Tanks\KO\BA190306A\Block-3,13,KO
378,327,8000,F:\Fmr1 SD Tanks\KO\BA190306A\Block-3,14,KO
379,330,8000,F:\Fmr1 SD Tanks\KO\BA190306A\Block-3,15,KO
380,333,16000,F:\Fmr1 SD Tanks\KO\BA190306A\Block-3,16,KO
381,336,24000,F:\Fmr1 SD Tanks\KO\BA190306C\Block-3,1,KO
382,339,12000,F:\Fmr1 SD Tanks\KO\BA190306C\Block-3,2,KO
383,342,30000,F:\Fmr1 SD Tanks\KO\BA190306C\Block-3,3,KO
384,345,24000,F:\Fmr1 SD Tanks\KO\BA190306C\Block-3,4,KO
385,348,16000,F:\Fmr1 SD Tanks\KO\BA190306C\Block-3,5,KO
386,354,16000,F:\Fmr1 SD Tanks\KO\BA190306C\Block-3,7,KO
387,363,12000,F:\Fmr1 SD Tanks\KO\BA190306C\Block-3,10,KO
388,369,16000,F:\Fmr1 SD Tanks\KO\BA190306C\Block-3,12,KO
389,372,16000,F:\Fmr1 SD Tanks\KO\BA190306C\Block-3,13,KO
390,375,16000,F:\Fmr1 SD Tanks\KO\BA190306C\Block-3,14,KO
391,378,24000,F:\Fmr1 SD Tanks\KO\BA190306C\Block-3,15,KO
392,381,24000,F:\Fmr1 SD Tanks\KO\BA190306C\Block-3,16,KO
393,384,1500,F:\Fmr1 SD Tanks\KO\BA190306E\Block-3,1,KO
394,387,2000,F:\Fmr1 SD Tanks\KO\BA190306E\Block-3,2,KO
395,393,2000,F:\Fmr1 SD Tanks\KO\BA190306E\Block-3,4,KO
396,396,2000,F:\Fmr1 SD Tanks\KO\BA190306E\Block-3,5,KO
397,402,2000,F:\Fmr1 SD Tanks\KO\BA190306E\Block-3,7,KO
398,417,2000,F:\Fmr1 SD Tanks\KO\BA190306E\Block-3,12,KO
399,420,2000,F:\Fmr1 SD Tanks\KO\BA190306E\Block-3,13,KO
400,423,1500,F:\Fmr1 SD Tanks\KO\BA190306E\Block-3,14,KO
401,426,2000,F:\Fmr1 SD Tanks\KO\BA190306E\Block-3,15,KO
402,429,2000,F:\Fmr1 SD Tanks\KO\BA190306E\Block-3,16,KO
403,432,20000,F:\Fmr1 SD Tanks\KO\BA190306G\Block-3,1,KO
404,435,24000,F:\Fmr1 SD Tanks\KO\BA190306G\Block-3,2,KO
405,441,20000,F:\Fmr1 SD Tanks\KO\BA190306G\Block-3,4,KO
406,444,12000,F:\Fmr1 SD Tanks\KO\BA190306G\Block-3,5,KO
407,450,20000,F:\Fmr1 SD Tanks\KO\BA190306G\Block-3,7,KO
408,453,16000,F:\Fmr1 SD Tanks\KO\BA190306G\Block-3,8,KO
409,459,16000,F:\Fmr1 SD Tanks\KO\BA190306G\Block-3,10,KO
410,462,12000,F:\Fmr1 SD Tanks\KO\BA190306G\Block-3,11,KO
411,465,20000,F:\Fmr1 SD Tanks\KO\BA190306G\Block-3,12,KO
412,468,20000,F:\Fmr1 SD Tanks\KO\BA190306G\Block-3,13,KO
413,471,20000,F:\Fmr1 SD Tanks\KO\BA190306G\Block-3,14,KO
414,474,20000,F:\Fmr1 SD Tanks\KO\BA190306G\Block-3,15,KO
415,477,24000,F:\Fmr1 SD Tanks\KO\BA190306G\Block-3,16,KO
416,480,24000,F:\Fmr1 SD Tanks\KO\BA190306I\Block-3,1,KO
417,483,30000,F:\Fmr1 SD Tanks\KO\BA190306I\Block-3,2,KO
418,486,40000,F:\Fmr1 SD Tanks\KO\BA190306I\Block-3,3,KO
419,489,24000,F:\Fmr1 SD Tanks\KO\BA190306I\Block-3,4,KO
420,492,24000,F:\Fmr1 SD Tanks\KO\BA190306I\Block-3,5,KO
421,498,30000,F:\Fmr1 SD Tanks\KO\BA190306I\Block-3,7,KO
422,501,35000,F:\Fmr1 SD Tanks\KO\BA190306I\Block-3,8,KO
423,507,30000,F:\Fmr1 SD Tanks\KO\BA190306I\Block-3,10,KO
424,510,30000,F:\Fmr1 SD Tanks\KO\BA190306I\Block-3,11,KO
425,513,24000,F:\Fmr1 SD Tanks\KO\BA190306I\Block-3,12,KO
426,516,16000,F:\Fmr1 SD Tanks\KO\BA190306I\Block-3,13,KO
427,519,30000,F:\Fmr1 SD Tanks\KO\BA190306I\Block-3,14,KO
428,522,24000,F:\Fmr1 SD Tanks\KO\BA190306I\Block-3,15,KO
429,525,30000,F:\Fmr1 SD Tanks\KO\BA190306I\Block-3,16,KO
430,528,8000,F:\Fmr1 SD Tanks\KO\BA190312A\Block-3,1,KO
431,531,8000,F:\Fmr1 SD Tanks\KO\BA190312A\Block-3,2,KO
432,534,6000,F:\Fmr1 SD Tanks\KO\BA190312A\Block-3,3,KO
433,537,6000,F:\Fmr1 SD Tanks\KO\BA190312A\Block-3,4,KO
434,540,6000,F:\Fmr1 SD Tanks\KO\BA190312A\Block-3,5,KO
435,543,6000,F:\Fmr1 SD Tanks\KO\BA190312A\Block-3,6,KO
436,546,6000,F:\Fmr1 SD Tanks\KO\BA190312A\Block-3,7,KO
437,555,16000,F:\Fmr1 SD Tanks\KO\BA190312A\Block-3,10,KO
438,558,6000,F:\Fmr1 SD Tanks\KO\BA190312A\Block-3,11,KO
439,561,8000,F:\Fmr1 SD Tanks\KO\BA190312A\Block-3,12,KO
440,564,8000,F:\Fmr1 SD Tanks\KO\BA190312A\Block-3,13,KO
441,567,6000,F:\Fmr1 SD Tanks\KO\BA190312A\Block-3,14,KO
442,570,6000,F:\Fmr1 SD Tanks\KO\BA190312A\Block-3,15,KO
443,573,8000,F:\Fmr1 SD Tanks\KO\BA190312A\Block-3,16,KO
444,576,24000,F:\Fmr1 SD Tanks\KO\BA190312C\Block-3,1,KO
445,579,24000,F:\Fmr1 SD Tanks\KO\BA190312C\Block-3,2,KO
446,582,35000,F:\Fmr1 SD Tanks\KO\BA190312C\Block-3,3,KO
447,585,20000,F:\Fmr1 SD Tanks\KO\BA190312C\Block-3,4,KO
448,588,16000,F:\Fmr1 SD Tanks\KO\BA190312C\Block-3,5,KO
449,591,40000,F:\Fmr1 SD Tanks\KO\BA190312C\Block-3,6,KO
450,594,24000,F:\Fmr1 SD Tanks\KO\BA190312C\Block-3,7,KO
451,597,16000,F:\Fmr1 SD Tanks\KO\BA190312C\Block-3,8,KO
452,603,24000,F:\Fmr1 SD Tanks\KO\BA190312C\Block-3,10,KO
453,606,35000,F:\Fmr1 SD Tanks\KO\BA190312C\Block-3,11,KO
454,609,12000,F:\Fmr1 SD Tanks\KO\BA190312C\Block-3,12,KO
455,612,16000,F:\Fmr1 SD Tanks\KO\BA190312C\Block-3,13,KO
456,615,35000,F:\Fmr1 SD Tanks\KO\BA190312C\Block-3,14,KO
457,618,12000,F:\Fmr1 SD Tanks\KO\BA190312C\Block-3,15,KO
458,621,12000,F:\Fmr1 SD Tanks\KO\BA190312C\Block-3,16,KO
459,624,1500,F:\Fmr1 SD Tanks\KO\BA190312E\Block-3,1,KO
460,627,3000,F:\Fmr1 SD Tanks\KO\BA190312E\Block-3,2,KO
461,630,1500,F:\Fmr1 SD Tanks\KO\BA190312E\Block-3,3,KO
462,633,3000,F:\Fmr1 SD Tanks\KO\BA190312E\Block-3,4,KO
463,636,1500,F:\Fmr1 SD Tanks\KO\BA190312E\Block-3,5,KO
464,639,1500,F:\Fmr1 SD Tanks\KO\BA190312E\Block-3,6,KO
465,642,2000,F:\Fmr1 SD Tanks\KO\BA190312E\Block-3,7,KO
466,645,8000,F:\Fmr1 SD Tanks\KO\BA190312E\Block-3,8,KO
467,651,2000,F:\Fmr1 SD Tanks\KO\BA190312E\Block-3,10,KO
468,654,1500,F:\Fmr1 SD Tanks\KO\BA190312E\Block-3,11,KO
469,657,3000,F:\Fmr1 SD Tanks\KO\BA190312E\Block-3,12,KO
470,660,2000,F:\Fmr1 SD Tanks\KO\BA190312E\Block-3,13,KO
471,663,1500,F:\Fmr1 SD Tanks\KO\BA190312E\Block-3,14,KO
472,666,2000,F:\Fmr1 SD Tanks\KO\BA190312E\Block-3,15,KO
473,669,3000,F:\Fmr1 SD Tanks\KO\BA190312E\Block-3,16,KO
474,672,12000,F:\Fmr1 SD Tanks\KO\BA190312G\Block-3,1,KO
475,675,20000,F:\Fmr1 SD Tanks\KO\BA190312G\Block-3,2,KO
476,678,20000,F:\Fmr1 SD Tanks\KO\BA190312G\Block-3,3,KO
477,681,16000,F:\Fmr1 SD Tanks\KO\BA190312G\Block-3,4,KO
478,684,16000,F:\Fmr1 SD Tanks\KO\BA190312G\Block-3,5,KO
479,687,30000,F:\Fmr1 SD Tanks\KO\BA190312G\Block-3,6,KO
480,690,16000,F:\Fmr1 SD Tanks\KO\BA190312G\Block-3,7,KO
481,702,24000,F:\Fmr1 SD Tanks\KO\BA190312G\Block-3,11,KO
482,705,16000,F:\Fmr1 SD Tanks\KO\BA190312G\Block-3,12,KO
483,708,16000,F:\Fmr1 SD Tanks\KO\BA190312G\Block-3,13,KO
484,711,16000,F:\Fmr1 SD Tanks\KO\BA190312G\Block-3,14,KO
485,714,12000,F:\Fmr1 SD Tanks\KO\BA190312G\Block-3,15,KO
486,717,12000,F:\Fmr1 SD Tanks\KO\BA190312G\Block-3,16,KO
487,720,12000,F:\Fmr1 SD Tanks\KO\BA190312I\Block-3,1,KO
488,723,24000,F:\Fmr1 SD Tanks\KO\BA190312I\Block-3,2,KO
489,726,40000,F:\Fmr1 SD Tanks\KO\BA190312I\Block-3,3,KO
490,729,16000,F:\Fmr1 SD Tanks\KO\BA190312I\Block-3,4,KO
491,732,40000,F:\Fmr1 SD Tanks\KO\BA190312I\Block-3,5,KO
492,735,35000,F:\Fmr1 SD Tanks\KO\BA190312I\Block-3,6,KO
493,738,12000,F:\Fmr1 SD Tanks\KO\BA190312I\Block-3,7,KO
494,741,6000,F:\Fmr1 SD Tanks\KO\BA190312I\Block-3,8,KO
495,747,12000,F:\Fmr1 SD Tanks\KO\BA190312I\Block-3,10,KO
496,750,40000,F:\Fmr1 SD Tanks\KO\BA190312I\Block-3,11,KO
497,753,12000,F:\Fmr1 SD Tanks\KO\BA190312I\Block-3,12,KO
498,756,12000,F:\Fmr1 SD Tanks\KO\BA190312I\Block-3,13,KO
499,759,35000,F:\Fmr1 SD Tanks\KO\BA190312I\Block-3,14,KO
500,762,16000,F:\Fmr1 SD Tanks\KO\BA190312I\Block-3,15,KO
501,765,24000,F:\Fmr1 SD Tanks\KO\BA190312I\Block-3,16,KO
502,768,45000,F:\Fmr1 SD Tanks\WT\BA190313A\Block-3,1,WT
503,771,45000,F:\Fmr1 SD Tanks\WT\BA190313A\Block-3,2,WT
504,774,30000,F:\Fmr1 SD Tanks\WT\BA190313A\Block-3,3,WT
505,783,45000,F:\Fmr1 SD Tanks\WT\BA190313A\Block-3,6,WT
506,798,35000,F:\Fmr1 SD Tanks\WT\BA190313A\Block-3,11,WT
507,807,40000,F:\Fmr1 SD Tanks\WT\BA190313A\Block-3,14,WT
508,810,45000,F:\Fmr1 SD Tanks\WT\BA190313A\Block-3,15,WT
509,813,45000,F:\Fmr1 SD Tanks\WT\BA190313A\Block-3,16,WT
510,816,24000,F:\Fmr1 SD Tanks\WT\BA190313E\Block-3,1,WT
511,846,24000,F:\Fmr1 SD Tanks\WT\BA190313E\Block-3,11,WT
512,864,30000,F:\Fmr1 SD Tanks\WT\BA190313G\Block-4,1,WT
513,867,40000,F:\Fmr1 SD Tanks\WT\BA190313G\Block-4,2,WT
514,870,40000,F:\Fmr1 SD Tanks\WT\BA190313G\Block-4,3,WT
515,876,45000,F:\Fmr1 SD Tanks\WT\BA190313G\Block-4,5,WT
516,879,45000,F:\Fmr1 SD Tanks\WT\BA190313G\Block-4,6,WT
517,894,35000,F:\Fmr1 SD Tanks\WT\BA190313G\Block-4,11,WT
518,897,45000,F:\Fmr1 SD Tanks\WT\BA190313G\Block-4,12,WT
519,903,30000,F:\Fmr1 SD Tanks\WT\BA190313G\Block-4,14,WT
520,909,30000,F:\Fmr1 SD Tanks\WT\BA190313G\Block-4,16,WT
521,0,30000,F:\Fmr1 SD Tanks\WT\BA190313G\Block-4,1,WT
522,3,45000,F:\Fmr1 SD Tanks\WT\BA190313G\Block-4,2,WT
523,6,30000,F:\Fmr1 SD Tanks\WT\BA190313G\Block-4,3,WT
524,9,45000,F:\Fmr1 SD Tanks\WT\BA190313G\Block-4,4,WT
525,12,45000,F:\Fmr1 SD Tanks\WT\BA190313G\Block-4,5,WT
526,15,45000,F:\Fmr1 SD Tanks\WT\BA190313G\Block-4,6,WT
527,30,30000,F:\Fmr1 SD Tanks\WT\BA190313G\Block-4,11,WT
528,33,45000,F:\Fmr1 SD Tanks\WT\BA190313G\Block-4,12,WT
529,36,45000,F:\Fmr1 SD Tanks\WT\BA190313G\Block-4,13,WT
530,39,30000,F:\Fmr1 SD Tanks\WT\BA190313G\Block-4,14,WT
531,42,45000,F:\Fmr1 SD Tanks\WT\BA190313G\Block-4,15,WT
532,45,45000,F:\Fmr1 SD Tanks\WT\BA190313G\Block-4,16,WT
533,48,6000,F:\Fmr1 SD Tanks\WT\BA190313I\Block-3,1,WT
534,54,16000,F:\Fmr1 SD Tanks\WT\BA190313I\Block-3,3,WT
535,60,35000,F:\Fmr1 SD Tanks\WT\BA190313I\Block-3,5,WT
536,63,8000,F:\Fmr1 SD Tanks\WT\BA190313I\Block-3,6,WT
537,78,3000,F:\Fmr1 SD Tanks\WT\BA190313I\Block-3,11,WT
538,87,8000,F:\Fmr1 SD Tanks\WT\BA190313I\Block-3,14,WT
539,90,35000,F:\Fmr1 SD Tanks\WT\BA190313I\Block-3,15,WT
540,93,35000,F:\Fmr1 SD Tanks\WT\BA190313I\Block-3,16,WT
541,96,8000,F:\Fmr1 SD Tanks\WT\BA190313J\Block-3,1,WT
542,99,8000,F:\Fmr1 SD Tanks\WT\BA190313J\Block-3,2,WT
543,102,12000,F:\Fmr1 SD Tanks\WT\BA190313J\Block-3,3,WT
544,105,35000,F:\Fmr1 SD Tanks\WT\BA190313J\Block-3,4,WT
545,108,35000,F:\Fmr1 SD Tanks\WT\BA190313J\Block-3,5,WT
546,111,8000,F:\Fmr1 SD Tanks\WT\BA190313J\Block-3,6,WT
547,126,4000,F:\Fmr1 SD Tanks\WT\BA190313J\Block-3,11,WT
548,129,35000,F:\Fmr1 SD Tanks\WT\BA190313J\Block-3,12,WT
549,132,35000,F:\Fmr1 SD Tanks\WT\BA190313J\Block-3,13,WT
550,135,8000,F:\Fmr1 SD Tanks\WT\BA190313J\Block-3,14,WT
551,138,16000,F:\Fmr1 SD Tanks\WT\BA190313J\Block-3,15,WT
552,141,35000,F:\Fmr1 SD Tanks\WT\BA190313J\Block-3,16,WT
553,144,6000,F:\Fmr1 SD Tanks\WT\BA190326A\Block-3,1,WT
554,147,6000,F:\Fmr1 SD Tanks\WT\BA190326A\Block-3,2,WT
555,150,12000,F:\Fmr1 SD Tanks\WT\BA190326A\Block-3,3,WT
556,156,8000,F:\Fmr1 SD Tanks\WT\BA190326A\Block-3,5,WT
557,174,12000,F:\Fmr1 SD Tanks\WT\BA190326A\Block-3,11,WT
558,177,4000,F:\Fmr1 SD Tanks\WT\BA190326A\Block-3,12,WT
559,183,6000,F:\Fmr1 SD Tanks\WT\BA190326A\Block-3,14,WT
560,186,6000,F:\Fmr1 SD Tanks\WT\BA190326A\Block-3,15,WT
561,189,6000,F:\Fmr1 SD Tanks\WT\BA190326A\Block-3,16,WT
562,192,50000,F:\Fmr1 SD Tanks\WT\BA190326C\Block-3,1,WT
563,195,50000,F:\Fmr1 SD Tanks\WT\BA190326C\Block-3,2,WT
564,198,30000,F:\Fmr1 SD Tanks\WT\BA190326C\Block-3,3,WT
565,204,45000,F:\Fmr1 SD Tanks\WT\BA190326C\Block-3,5,WT
566,207,35000,F:\Fmr1 SD Tanks\WT\BA190326C\Block-3,6,WT
567,222,30000,F:\Fmr1 SD Tanks\WT\BA190326C\Block-3,11,WT
568,231,30000,F:\Fmr1 SD Tanks\WT\BA190326C\Block-3,14,WT
569,234,50000,F:\Fmr1 SD Tanks\WT\BA190326C\Block-3,15,WT
570,237,30000,F:\Fmr1 SD Tanks\WT\BA190326C\Block-3,16,WT
571,243,4000,F:\Fmr1 SD Tanks\WT\BA190326E\Block-3,2,WT
572,252,6000,F:\Fmr1 SD Tanks\WT\BA190326E\Block-3,5,WT
573,273,6000,F:\Fmr1 SD Tanks\WT\BA190326E\Block-3,12,WT
574,276,6000,F:\Fmr1 SD Tanks\WT\BA190326E\Block-3,13,WT
575,282,3000,F:\Fmr1 SD Tanks\WT\BA190326E\Block-3,15,WT
576,285,4000,F:\Fmr1 SD Tanks\WT\BA190326E\Block-3,16,WT
577,288,16000,F:\Fmr1 SD Tanks\WT\BA190326G\Block-3,1,WT
578,291,24000,F:\Fmr1 SD Tanks\WT\BA190326G\Block-3,2,WT
579,294,30000,F:\Fmr1 SD Tanks\WT\BA190326G\Block-3,3,WT
580,303,24000,F:\Fmr1 SD Tanks\WT\BA190326G\Block-3,6,WT
581,318,24000,F:\Fmr1 SD Tanks\WT\BA190326G\Block-3,11,WT
582,327,30000,F:\Fmr1 SD Tanks\WT\BA190326G\Block-3,14,WT
583,336,24000,F:\Fmr1 SD Tanks\WT\BA190326I\Block-3,1,WT
584,339,45000,F:\Fmr1 SD Tanks\WT\BA190326I\Block-3,2,WT
585,342,30000,F:\Fmr1 SD Tanks\WT\BA190326I\Block-3,3,WT
586,348,45000,F:\Fmr1 SD Tanks\WT\BA190326I\Block-3,5,WT
587,351,35000,F:\Fmr1 SD Tanks\WT\BA190326I\Block-3,6,WT
588,354,35000,F:\Fmr1 SD Tanks\WT\BA190326I\Block-3,7,WT
589,357,1000,F:\Fmr1 SD Tanks\WT\BA190326I\Block-3,8,WT
590,366,30000,F:\Fmr1 SD Tanks\WT\BA190326I\Block-3,11,WT
591,375,24000,F:\Fmr1 SD Tanks\WT\BA190326I\Block-3,14,WT
592,378,45000,F:\Fmr1 SD Tanks\WT\BA190326I\Block-3,15,WT
593,381,35000,F:\Fmr1 SD Tanks\WT\BA190326I\Block-3,16,WT
594,384,35000,F:\Fmr1 SD Tanks\KO\BA190328C\Block-3,1,KO
595,387,35000,F:\Fmr1 SD Tanks\KO\BA190328C\Block-3,2,KO
596,390,35000,F:\Fmr1 SD Tanks\KO\BA190328C\Block-3,3,KO
597,396,45000,F:\Fmr1 SD Tanks\KO\BA190328C\Block-3,5,KO
598,399,6000,F:\Fmr1 SD Tanks\KO\BA190328C\Block-3,6,KO
599,414,35000,F:\Fmr1 SD Tanks\KO\BA190328C\Block-3,11,KO
600,423,35000,F:\Fmr1 SD Tanks\KO\BA190328C\Block-3,14,KO
601,426,12000,F:\Fmr1 SD Tanks\KO\BA190328C\Block-3,15,KO
602,429,35000,F:\Fmr1 SD Tanks\KO\BA190328C\Block-3,16,KO
603,432,8000,F:\Fmr1 SD Tanks\KO\BA190328E\Block-3,1,KO
604,435,6000,F:\Fmr1 SD Tanks\KO\BA190328E\Block-3,2,KO
605,438,12000,F:\Fmr1 SD Tanks\KO\BA190328E\Block-3,3,KO
606,441,12000,F:\Fmr1 SD Tanks\KO\BA190328E\Block-3,4,KO
607,444,12000,F:\Fmr1 SD Tanks\KO\BA190328E\Block-3,5,KO
608,450,8000,F:\Fmr1 SD Tanks\KO\BA190328E\Block-3,7,KO
609,459,12000,F:\Fmr1 SD Tanks\KO\BA190328E\Block-3,10,KO
610,465,8000,F:\Fmr1 SD Tanks\KO\BA190328E\Block-3,12,KO
611,468,12000,F:\Fmr1 SD Tanks\KO\BA190328E\Block-3,13,KO
612,471,12000,F:\Fmr1 SD Tanks\KO\BA190328E\Block-3,14,KO
613,474,4000,F:\Fmr1 SD Tanks\KO\BA190328E\Block-3,15,KO
614,477,6000,F:\Fmr1 SD Tanks\KO\BA190328E\Block-3,16,KO
615,0,16000,/media/auerbach1/Auerbach_HD_WG/Fmr1 SD Tanks/KO/BA180410B/Block-3,1,KO
616,9,16000,/media/auerbach1/Auerbach_HD_WG/Fmr1 SD Tanks/KO/BA180410B/Block-3,2,KO
617,18,20000,/media/auerbach1/Auerbach_HD_WG/Fmr1 SD Tanks/KO/BA180410B/Block-3,3,KO
618,27,16000,/media/auerbach1/Auerbach_HD_WG/Fmr1 SD Tanks/KO/BA180410B/Block-3,4,KO
619,36,8000,/media/auerbach1/Auerbach_HD_WG/Fmr1 SD Tanks/KO/BA180410B/Block-3,5,KO
620,45,16000,/media/auerbach1/Auerbach_HD_WG/Fmr1 SD Tanks/KO/BA180410B/Block-3,6,KO
621,54,20000,/media/auerbach1/Auerbach_HD_WG/Fmr1 SD Tanks/KO/BA180410B/Block-3,7,KO
622,81,20000,/media/auerbach1/Auerbach_HD_WG/Fmr1 SD Tanks/KO/BA180410B/Block-3,10,KO
623,90,20000,/media/auerbach1/Auerbach_HD_WG/Fmr1 SD Tanks/KO/BA180410B/Block-3,11,KO
624,99,16000,/media/auerbach1/Auerbach_HD_WG/Fmr1 SD Tanks/KO/BA180410B/Block-3,12,KO
625,108,16000,/media/auerbach1/Auerbach_HD_WG/Fmr1 SD Tanks/KO/BA180410B/Block-3,13,KO
626,117,16000,/media/auerbach1/Auerbach_HD_WG/Fmr1 SD Tanks/KO/BA180410B/Block-3,14,KO
627,126,16000,/media/auerbach1/Auerbach_HD_WG/Fmr1 SD Tanks/KO/BA180410B/Block-3,15,KO
628,135,20000,/media/auerbach1/Auerbach_HD_WG/Fmr1 SD Tanks/KO/BA180410B/Block-3,16,KO
629,144,4000,/media/auerbach1/Auerbach_HD_WG/Fmr1 SD Tanks/KO/BA180410C/Block-3,1,KO
630,153,4000,/media/auerbach1/Auerbach_HD_WG/Fmr1 SD Tanks/KO/BA180410C/Block-3,2,KO
631,162,6000,/media/auerbach1/Auerbach_HD_WG/Fmr1 SD Tanks/KO/BA180410C/Block-3,3,KO
632,171,8000,/media/auerbach1/Auerbach_HD_WG/Fmr1 SD Tanks/KO/BA180410C/Block-3,4,KO
633,180,8000,/media/auerbach1/Auerbach_HD_WG/Fmr1 SD Tanks/KO/BA180410C/Block-3,5,KO
634,189,3000,/media/auerbach1/Auerbach_HD_WG/Fmr1 SD Tanks/KO/BA180410C/Block-3,6,KO
635,198,6000,/media/auerbach1/Auerbach_HD_WG/Fmr1 SD Tanks/KO/BA180410C/Block-3,7,KO
636,225,6000,/media/auerbach1/Auerbach_HD_WG/Fmr1 SD Tanks/KO/BA180410C/Block-3,10,KO
637,234,6000,/media/auerbach1/Auerbach_HD_WG/Fmr1 SD Tanks/KO/BA180410C/Block-3,11,KO
638,243,8000,/media/auerbach1/Auerbach_HD_WG/Fmr1 SD Tanks/KO/BA180410C/Block-3,12,KO
639,252,6000,/media/auerbach1/Auerbach_HD_WG/Fmr1 SD Tanks/KO/BA180410C/Block-3,13,KO
640,261,4000,/media/auerbach1/Auerbach_HD_WG/Fmr1 SD Tanks/KO/BA180410C/Block-3,14,KO
641,270,4000,/media/auerbach1/Auerbach_HD_WG/Fmr1 SD Tanks/KO/BA180410C/Block-3,15,KO
642,279,8000,/media/auerbach1/Auerbach_HD_WG/Fmr1 SD Tanks/KO/BA180410C/Block-3,16,KO
643,288,16000,/media/auerbach1/Auerbach_HD_WG/Fmr1 SD Tanks/KO/BA180410D/Block-4,1,KO
644,297,16000,/media/auerbach1/Auerbach_HD_WG/Fmr1 SD Tanks/KO/BA180410D/Block-4,2,KO
645,306,16000,/media/auerbach1/Auerbach_HD_WG/Fmr1 SD Tanks/KO/BA180410D/Block-4,3,KO
646,315,20000,/media/auerbach1/Auerbach_HD_WG/Fmr1 SD Tanks/KO/BA180410D/Block-4,4,KO
647,324,16000,/media/auerbach1/Auerbach_HD_WG/Fmr1 SD Tanks/KO/BA180410D/Block-4,5,KO
648,333,20000,/media/auerbach1/Auerbach_HD_WG/Fmr1 SD Tanks/KO/BA180410D/Block-4,6,KO
649,342,12000,/media/auerbach1/Auerbach_HD_WG/Fmr1 SD Tanks/KO/BA180410D/Block-4,7,KO
650,378,20000,/media/auerbach1/Auerbach_HD_WG/Fmr1 SD Tanks/KO/BA180410D/Block-4,11,KO
651,387,16000,/media/auerbach1/Auerbach_HD_WG/Fmr1 SD Tanks/KO/BA180410D/Block-4,12,KO
652,396,20000,/media/auerbach1/Auerbach_HD_WG/Fmr1 SD Tanks/KO/BA180410D/Block-4,13,KO
653,405,16000,/media/auerbach1/Auerbach_HD_WG/Fmr1 SD Tanks/KO/BA180410D/Block-4,14,KO
654,414,16000,/media/auerbach1/Auerbach_HD_WG/Fmr1 SD Tanks/KO/BA180410D/Block-4,15,KO
655,423,16000,/media/auerbach1/Auerbach_HD_WG/Fmr1 SD Tanks/KO/BA180410D/Block-4,16,KO
656,432,8000,/media/auerbach1/Auerbach_HD_WG/Fmr1 SD Tanks/WT/BA180507B/Block-3,1,WT
657,441,8000,/media/auerbach1/Auerbach_HD_WG/Fmr1 SD Tanks/WT/BA180507B/Block-3,2,WT
658,450,4000,/media/auerbach1/Auerbach_HD_WG/Fmr1 SD Tanks/WT/BA180507B/Block-3,3,WT
659,459,6000,/media/auerbach1/Auerbach_HD_WG/Fmr1 SD Tanks/WT/BA180507B/Block-3,4,WT
660,468,8000,/media/auerbach1/Auerbach_HD_WG/Fmr1 SD Tanks/WT/BA180507B/Block-3,5,WT
661,477,4000,/media/auerbach1/Auerbach_HD_WG/Fmr1 SD Tanks/WT/BA180507B/Block-3,6,WT
662,486,8000,/media/auerbach1/Auerbach_HD_WG/Fmr1 SD Tanks/WT/BA180507B/Block-3,7,WT
663,513,6000,/media/auerbach1/Auerbach_HD_WG/Fmr1 SD Tanks/WT/BA180507B/Block-3,10,WT
664,522,4000,/media/auerbach1/Auerbach_HD_WG/Fmr1 SD Tanks/WT/BA180507B/Block-3,11,WT
665,531,8000,/media/auerbach1/Auerbach_HD_WG/Fmr1 SD Tanks/WT/BA180507B/Block-3,12,WT
666,540,8000,/media/auerbach1/Auerbach_HD_WG/Fmr1 SD Tanks/WT/BA180507B/Block-3,13,WT
667,549,8000,/media/auerbach1/Auerbach_HD_WG/Fmr1 SD Tanks/WT/BA180507B/Block-3,14,WT
668,558,6000,/media/auerbach1/Auerbach_HD_WG/Fmr1 SD Tanks/WT/BA180507B/Block-3,15,WT
669,567,8000,/media/auerbach1/Auerbach_HD_WG/Fmr1 SD Tanks/WT/BA180507B/Block-3,16,WT
670,576,2000,/media/auerbach1/Auerbach_HD_WG/Fmr1 SD Tanks/WT/BA180507D/Block-3,1,WT
671,585,2000,/media/auerbach1/Auerbach_HD_WG/Fmr1 SD Tanks/WT/BA180507D/Block-3,2,WT
672,594,2000,/media/auerbach1/Auerbach_HD_WG/Fmr1 SD Tanks/WT/BA180507D/Block-3,3,WT
673,603,2000,/media/auerbach1/Auerbach_HD_WG/Fmr1 SD Tanks/WT/BA180507D/Block-3,4,WT
674,612,2000,/media/auerbach1/Auerbach_HD_WG/Fmr1 SD Tanks/WT/BA180507D/Block-3,5,WT
675,621,1500,/media/auerbach1/Auerbach_HD_WG/Fmr1 SD Tanks/WT/BA180507D/Block-3,6,WT
676,666,2000,/media/auerbach1/Auerbach_HD_WG/Fmr1 SD Tanks/WT/BA180507D/Block-3,11,WT
677,675,3000,/media/auerbach1/Auerbach_HD_WG/Fmr1 SD Tanks/WT/BA180507D/Block-3,12,WT
678,684,2000,/media/auerbach1/Auerbach_HD_WG/Fmr1 SD Tanks/WT/BA180507D/Block-3,13,WT
679,693,2000,/media/auerbach1/Auerbach_HD_WG/Fmr1 SD Tanks/WT/BA180507D/Block-3,14,WT
680,702,6000,/media/auerbach1/Auerbach_HD_WG/Fmr1 SD Tanks/WT/BA180507D/Block-3,15,WT
681,711,2000,/media/auerbach1/Auerbach_HD_WG/Fmr1 SD Tanks/WT/BA180507D/Block-3,16,WT
682,0,6000,/media/dawg/Auerbach_HD_WG/Fmr1 SD Tanks/WT/BA180409C/Block-3,1,WT
683,9,6000,/media/dawg/Auerbach_HD_WG/Fmr1 SD Tanks/WT/BA180409C/Block-3,2,WT
684,18,8000,/media/dawg/Auerbach_HD_WG/Fmr1 SD Tanks/WT/BA180409C/Block-3,3,WT
685,27,16000,/media/dawg/Auerbach_HD_WG/Fmr1 SD Tanks/WT/BA180409C/Block-3,4,WT
686,36,16000,/media/dawg/Auerbach_HD_WG/Fmr1 SD Tanks/WT/BA180409C/Block-3,5,WT
687,45,12000,/media/dawg/Auerbach_HD_WG/Fmr1 SD Tanks/WT/BA180409C/Block-3,6,WT
688,54,16000,/media/dawg/Auerbach_HD_WG/Fmr1 SD Tanks/WT/BA180409C/Block-3,7,WT
689,63,12000,/media/dawg/Auerbach_HD_WG/Fmr1 SD Tanks/WT/BA180409C/Block-3,8,WT
690,72,12000,/media/dawg/Auerbach_HD_WG/Fmr1 SD Tanks/WT/BA180409C/Block-3,9,WT
691,81,16000,/media/dawg/Auerbach_HD_WG/Fmr1 SD Tanks/WT/BA180409C/Block-3,10,WT
692,90,8000,/media/dawg/Auerbach_HD_WG/Fmr1 SD Tanks/WT/BA180409C/Block-3,11,WT
693,99,16000,/media/dawg/Auerbach_HD_WG/Fmr1 SD Tanks/WT/BA180409C/Block-3,12,WT
694,108,16000,/media/dawg/Auerbach_HD_WG/Fmr1 SD Tanks/WT/BA180409C/Block-3,13,WT
695,117,6000,/media/dawg/Auerbach_HD_WG/Fmr1 SD Tanks/WT/BA180409C/Block-3,14,WT
696,126,8000,/media/dawg/Auerbach_HD_WG/Fmr1 SD Tanks/WT/BA180409C/Block-3,15,WT
697,135,8000,/media/dawg/Auerbach_HD_WG/Fmr1 SD Tanks/WT/BA180409C/Block-3,16,WT
698,153,8000,/media/dawg/Auerbach_HD_WG/Fmr1 SD Tanks/WT/BA180409E/Block-3,2,WT
699,162,6000,/media/dawg/Auerbach_HD_WG/Fmr1 SD Tanks/WT/BA180409E/Block-3,3,WT
700,180,6000,/media/dawg/Auerbach_HD_WG/Fmr1 SD Tanks/WT/BA180409E/Block-3,5,WT
701,189,6000,/media/dawg/Auerbach_HD_WG/Fmr1 SD Tanks/WT/BA180409E/Block-3,6,WT
702,198,8000,/media/dawg/Auerbach_HD_WG/Fmr1 SD Tanks/WT/BA180409E/Block-3,7,WT
703,207,8000,/media/dawg/Auerbach_HD_WG/Fmr1 SD Tanks/WT/BA180409E/Block-3,8,WT
704,234,8000,/media/dawg/Auerbach_HD_WG/Fmr1 SD Tanks/WT/BA180409E/Block-3,11,WT
705,243,8000,/media/dawg/Auerbach_HD_WG/Fmr1 SD Tanks/WT/BA180409E/Block-3,12,WT
706,252,20000,/media/dawg/Auerbach_HD_WG/Fmr1 SD Tanks/WT/BA180409E/Block-3,13,WT
707,261,8000,/media/dawg/Auerbach_HD_WG/Fmr1 SD Tanks/WT/BA180409E/Block-3,14,WT
708,270,6000,/media/dawg/Auerbach_HD_WG/Fmr1 SD Tanks/WT/BA180409E/Block-3,15,WT
709,279,6000,/media/dawg/Auerbach_HD_WG/Fmr1 SD Tanks/WT/BA180409E/Block-3,16,WT
710,288,1500,/media/dawg/Auerbach_HD_WG/Fmr1 SD Tanks/KO/BA180509D/Block-3,1,KO
711,297,2000,/media/dawg/Auerbach_HD_WG/Fmr1 SD Tanks/KO/BA180509D/Block-3,2,KO
712,306,3000,/media/dawg/Auerbach_HD_WG/Fmr1 SD Tanks/KO/BA180509D/Block-3,3,KO
713,315,3000,/media/dawg/Auerbach_HD_WG/Fmr1 SD Tanks/KO/BA180509D/Block-3,4,KO
714,324,2000,/media/dawg/Auerbach_HD_WG/Fmr1 SD Tanks/KO/BA180509D/Block-3,5,KO
715,342,3000,/media/dawg/Auerbach_HD_WG/Fmr1 SD Tanks/KO/BA180509D/Block-3,7,KO
716,351,4000,/media/dawg/Auerbach_HD_WG/Fmr1 SD Tanks/KO/BA180509D/Block-3,8,KO
717,360,4000,/media/dawg/Auerbach_HD_WG/Fmr1 SD Tanks/KO/BA180509D/Block-3,9,KO
718,369,3000,/media/dawg/Auerbach_HD_WG/Fmr1 SD Tanks/KO/BA180509D/Block-3,10,KO
719,387,6000,/media/dawg/Auerbach_HD_WG/Fmr1 SD Tanks/KO/BA180509D/Block-3,12,KO
720,396,3000,/media/dawg/Auerbach_HD_WG/Fmr1 SD Tanks/KO/BA180509D/Block-3,13,KO
721,405,2000,/media/dawg/Auerbach_HD_WG/Fmr1 SD Tanks/KO/BA180509D/Block-3,14,KO
722,414,2000,/media/dawg/Auerbach_HD_WG/Fmr1 SD Tanks/KO/BA180509D/Block-3,15,KO
723,423,4000,/media/dawg/Auerbach_HD_WG/Fmr1 SD Tanks/KO/BA180509D/Block-3,16,KO
724,432,16000,/media/dawg/Auerbach_HD_WG/Fmr1 SD Tanks/KO/BA180509F/Block-3,1,KO
725,441,16000,/media/dawg/Auerbach_HD_WG/Fmr1 SD Tanks/KO/BA180509F/Block-3,2,KO
726,450,4000,/media/dawg/Auerbach_HD_WG/Fmr1 SD Tanks/KO/BA180509F/Block-3,3,KO
727,459,16000,/media/dawg/Auerbach_HD_WG/Fmr1 SD Tanks/KO/BA180509F/Block-3,4,KO
728,468,16000,/media/dawg/Auerbach_HD_WG/Fmr1 SD Tanks/KO/BA180509F/Block-3,5,KO
729,486,16000,/media/dawg/Auerbach_HD_WG/Fmr1 SD Tanks/KO/BA180509F/Block-3,7,KO
730,495,16000,/media/dawg/Auerbach_HD_WG/Fmr1 SD Tanks/KO/BA180509F/Block-3,8,KO
731,504,20000,/media/dawg/Auerbach_HD_WG/Fmr1 SD Tanks/KO/BA180509F/Block-3,9,KO
732,513,16000,/media/dawg/Auerbach_HD_WG/Fmr1 SD Tanks/KO/BA180509F/Block-3,10,KO
733,531,16000,/media/dawg/Auerbach_HD_WG/Fmr1 SD Tanks/KO/BA180509F/Block-3,12,KO
734,540,16000,/media/dawg/Auerbach_HD_WG/Fmr1 SD Tanks/KO/BA180509F/Block-3,13,KO
735,549,24000,/media/dawg/Auerbach_HD_WG/Fmr1 SD Tanks/KO/BA180509F/Block-3,14,KO
736,558,16000,/media/dawg/Auerbach_HD_WG/Fmr1 SD Tanks/KO/BA180509F/Block-3,15,KO
737,567,40000,/media/dawg/Auerbach_HD_WG/Fmr1 SD Tanks/KO/BA180509F/Block-3,16,KO
